id,video_id,genres_id,status,created_at,modified_at
4,a411d552-c56f-48bc-aa4e-f08ce17f9c9d,5,0,2025-10-13 10:52:40,2025-10-16 08:13:17
5,9390504f-43ba-48c7-9b0c-096315148fbb,5,0,2025-10-14 11:15:04,2025-10-16 08:13:17
6,a1446f45-9a08-44c1-bfb2-41210061f747,5,0,2025-10-14 12:45:28,2025-10-16 08:13:17
7,3026378c-8a96-40fa-891b-1a72f23712dd,5,0,2025-10-14 13:26:30,2025-10-16 08:13:17
8,e4c595b3-8e11-4968-822d-bf3e9a85b474,5,0,2025-10-14 14:09:08,2025-10-16 08:13:17
9,d19c43f5-6b4f-4721-9e12-c7958d1daafa,5,0,2025-10-14 14:27:50,2025-10-16 08:13:17
10,b38fc051-d08b-4ac3-9d09-b2490279430c,5,0,2025-10-16 07:54:30,2025-10-16 08:13:17
11,29a79b8e-6445-49d7-bb54-d750cbac6541,5,0,2025-10-16 07:56:31,2025-10-16 08:13:17
12,ed80a587-79e6-4d03-8bc8-141a908f5316,0,0,2025-10-16 10:29:59,2025-10-16 10:30:37
13,a7354d2d-9cb9-4532-b150-563d09819b43,0,0,2025-10-24 14:24:45,2025-10-24 14:24:45
14,fb785cba-30a4-40bf-9c57-7df4e05a15e2,0,0,2025-10-24 14:31:54,2025-10-24 14:31:54
15,5fc3f4fc-f9ec-43ec-94f0-c0cb0955e0ed,0,0,2025-10-24 14:54:01,2025-10-24 14:54:01
16,543b98fb-6d8c-472a-a77a-807902109a20,0,0,2025-10-24 15:21:46,2025-10-24 15:21:46
17,fc8dbac5-82d5-4429-a359-e76040249280,0,0,2025-10-24 15:27:04,2025-10-24 15:27:04
18,975f0a9d-be96-487d-95d2-98aa3e991821,0,0,2025-10-24 15:38:50,2025-10-24 15:38:50
19,b111f1c3-3435-4047-8858-5da663f40763,0,0,2025-10-24 15:45:51,2025-10-24 15:45:51
20,4c4112cc-97fc-4647-aea9-8ca398743299,0,0,2025-10-24 15:55:56,2025-10-24 15:55:56
21,2c5216a1-9f8c-4642-89c1-9c917d9e64f9,0,0,2025-10-25 10:05:17,2025-10-25 10:05:17
22,31e6e7f1-774a-4c24-9c70-38e21220d6d5,0,0,2025-10-25 10:10:59,2025-10-25 10:10:59
23,a860e4cd-8b80-4da1-b6fe-152c52995b54,0,0,2025-10-25 10:14:22,2025-10-25 10:14:22
24,59bb7dab-cf98-439f-8c46-f7f98b3849bc,0,0,2025-10-25 10:22:45,2025-10-25 10:22:45
25,49ea9260-cd1a-4d27-8e84-d7f1aa670bf2,0,0,2025-10-25 10:26:37,2025-10-25 10:26:37
26,21039366-c6c7-4e47-b945-854f52785735,0,0,2025-10-25 10:39:52,2025-10-25 10:39:52
27,a11f8253-2186-4004-867d-28c71e5aa34c,0,0,2025-10-25 10:47:15,2025-10-25 10:47:15
28,8a9b221f-2a32-4eaa-8744-e4f76338b0ae,0,0,2025-10-25 10:50:21,2025-10-25 10:50:21
29,f9158962-10a0-4dac-a2a8-f7cbc5210311,0,0,2025-10-25 11:06:28,2025-10-25 11:06:28
30,7bbf7de6-3b99-451b-b419-d01934ddbd81,0,0,2025-10-25 11:06:45,2025-10-25 11:06:45
31,54f0a848-6607-4112-9137-a4eb70e35901,0,0,2025-10-25 11:21:36,2025-10-25 11:49:34
32,77503f43-72cf-4fcb-b015-7539140cda16,0,0,2025-10-25 11:29:02,2025-10-25 11:29:02
33,93d6911f-3fc2-420c-b09b-09409583e384,0,0,2025-10-25 13:32:58,2025-10-25 13:32:58
34,287e56ce-90e1-4c53-be07-51bc2885cff1,0,0,2025-10-25 14:27:16,2025-10-25 14:27:16
35,cd4bf981-c940-4e64-9c7b-9d2750301ad2,0,0,2025-10-25 14:46:35,2025-10-25 14:46:35
36,7ac8d20c-3f47-4b7a-b4db-7477ecd815a1,0,0,2025-10-25 15:05:05,2025-10-25 15:05:05
37,05da4994-f026-4324-9741-a297e747aa8f,0,0,2025-10-25 15:23:58,2025-10-25 15:23:58
38,c6eca20d-4e11-4528-a618-7af5db4f0cc3,0,0,2025-10-25 15:51:56,2025-10-25 15:51:56
39,2450c365-fc70-4c4c-b1f5-041107903580,5,0,2025-10-25 16:21:00,2025-10-25 16:21:00
40,bb1297ac-be8f-4d19-923c-d270d4660694,4,0,2025-10-26 07:19:51,2025-10-26 07:19:51
41,43a3f327-8772-41f5-9251-a8a6c337a65c,0,0,2025-10-26 07:20:21,2025-10-26 07:20:21
42,451f6bb1-bffc-442e-99cc-1f6ca0aad702,0,0,2025-10-26 07:22:31,2025-10-26 07:22:31
43,6ad14702-909a-4c6b-9fa5-b1c6c231a735,8,0,2025-10-26 08:28:27,2025-10-26 08:28:27
44,ff9a70b9-865b-44c3-897e-d99e033c2d35,5,0,2025-10-26 09:29:17,2025-10-26 09:29:17
45,187d5960-9df2-4a8d-8c5d-086d0478fd76,0,0,2025-10-26 10:47:37,2025-10-26 10:47:37
46,7104c1d5-8138-400d-9d91-8a2a9cdc774e,4,0,2025-10-26 15:13:48,2025-10-26 15:13:48
47,2e14b769-974f-4b6a-b42b-1eadde7bd536,0,0,2025-10-26 15:51:57,2025-10-26 15:51:57
48,b815f227-f7c3-4fa2-930f-e05847868654,4,0,2025-10-26 17:24:51,2025-10-26 17:24:51
49,e69e171d-9864-46ba-b775-d0980fcfa23d,5,0,2025-10-26 17:38:15,2025-10-26 17:38:15
50,95e19cfd-e964-472c-97bc-fd86cc7d7d90,7,0,2025-10-26 17:38:29,2025-10-26 17:38:29
51,e6abf2df-e1ca-4ab4-9a80-1502fea85778,6,0,2025-10-26 17:38:59,2025-10-26 17:38:59
52,64888d0d-9462-4572-82a1-093355ad2ff8,0,0,2025-10-26 17:39:12,2025-10-26 17:39:12
53,93cd9abb-16b9-4a79-8edb-378cde0e1224,6,0,2025-10-26 17:45:30,2025-10-26 17:45:30
54,20111402-7acf-480d-ac4d-3facb36ca1b5,9,0,2025-10-26 18:00:50,2025-10-26 18:00:50
55,faeff0ed-7bc7-4fee-ab5f-55d52af5e239,7,0,2025-10-26 18:01:37,2025-10-26 18:01:37
56,fb47efa0-2366-4ea3-88d5-7c2e6ff77fba,6,0,2025-10-26 18:02:53,2025-10-26 18:02:53
57,be130563-e31d-4326-89e9-93800bdd6aee,5,0,2025-10-26 18:24:51,2025-10-26 18:24:51
58,c1ed76ab-7a3a-47f7-bff3-ff1eec2955a8,8,0,2025-10-26 18:25:05,2025-10-26 18:25:05
59,0942326c-8133-4087-a536-254114406471,4,0,2025-10-26 18:25:26,2025-10-26 18:25:26
60,c447c20e-3398-4e25-8feb-12dc760ba35e,4,0,2025-10-26 18:25:49,2025-10-26 18:25:49
61,0f01603c-e616-48c2-9dbc-7b0edf1e9475,6,0,2025-10-26 18:27:51,2025-10-26 18:27:51
62,658e6cae-960b-4220-97a9-ff5f80c96b77,5,0,2025-10-26 18:52:03,2025-10-26 18:52:03
63,506f7d5d-c32e-4627-99f1-d0ec16b8e56a,5,0,2025-10-26 19:19:46,2025-10-26 19:19:46
64,74454822-2267-463e-b142-2d81ecfa8422,5,0,2025-10-26 19:21:42,2025-10-26 19:21:42
65,f285879d-0355-40eb-be50-447ffb6e0278,4,0,2025-10-26 20:02:36,2025-10-26 20:02:36
66,9876180d-e27a-46a2-a2a3-60f94138923d,5,0,2025-10-26 20:19:40,2025-10-26 20:19:40
67,ef795800-6178-48f5-b4c2-2b3739485e8a,0,0,2025-10-27 05:42:59,2025-10-27 05:42:59
68,72afe8d2-9890-4cd4-9186-a79ff6c3150d,5,0,2025-10-27 05:44:07,2025-10-27 05:44:07
69,5a3c67f2-ada9-42cc-8591-55bbb1e8c829,4,0,2025-10-27 09:43:49,2025-10-27 09:46:32
70,debba1f8-ce09-42d2-9bea-fec92fda0bba,0,0,2025-10-28 11:24:06,2025-10-28 11:24:06
71,aa1bff47-c18b-427c-b7bc-b2736e0ed79e,4,0,2025-10-28 14:13:14,2025-10-28 14:13:14
72,e58d7283-1b83-4a53-a2e8-b7f9014c5fa7,5,0,2025-10-29 06:21:53,2025-10-29 06:21:53
73,ebb58aae-3386-4859-9ea9-fc17c1bd2686,4,0,2025-10-29 06:41:26,2025-10-29 06:46:29
74,f2e00b26-fc28-4182-82bc-d37d53f71779,4,0,2025-10-29 09:14:29,2025-10-29 09:14:29
75,c784831f-3b60-44fc-ad59-042edce7d608,4,0,2025-10-30 07:04:43,2025-10-30 07:04:43
76,fc8c13a5-403d-49e1-9a37-1a7cbc9febf0,5,0,2025-10-30 09:52:57,2025-10-30 09:52:57
77,696cf633-7984-440d-a794-e103ca5687d9,4,0,2025-10-30 10:08:45,2025-10-30 10:41:32
78,86bf0a85-9494-44cd-88a3-31bed9595ca4,5,0,2025-10-30 10:51:47,2025-10-30 10:51:47
79,a0ce200e-d274-440e-b89f-1fd9b6c52307,5,0,2025-10-30 10:58:11,2025-10-30 10:58:11
80,94a3f76f-6a0f-4ae6-a5de-f053cc92de4b,4,0,2025-10-30 13:15:35,2025-10-30 13:15:35
81,823273ee-cfb6-4103-b161-3cb341e8c1e7,5,0,2025-10-30 13:27:50,2025-10-30 13:27:50
82,ae796dfc-c300-46e4-ac70-71dd2ca564cd,5,0,2025-10-30 17:33:44,2025-10-30 17:33:44
83,98d336cf-a55e-45b9-9864-ac83420f78fa,0,0,2025-10-30 19:06:35,2025-10-30 19:06:35
84,552363ad-6ed9-4f8f-a6e6-5206ee13d3f8,5,0,2025-10-31 04:59:19,2025-10-31 04:59:19
85,e474cf06-d94c-46b0-880a-24e3e83a7aab,5,0,2025-10-31 06:33:11,2025-10-31 06:33:11
86,0fcd8dc9-1718-4372-8631-253eac3a072b,0,0,2025-10-31 06:44:37,2025-10-31 06:44:37
87,1a1ca2ed-ebc9-42b8-967b-4b4e568ab095,4,0,2025-10-31 07:04:46,2025-10-31 07:04:46
88,a98d4dd8-4718-4ebf-a76b-05926fbc21b1,0,0,2025-10-31 07:05:52,2025-10-31 07:05:52
89,f60a74ad-a596-4da7-bae9-91980825969d,0,0,2025-10-31 07:07:22,2025-10-31 07:07:22
90,9481133a-d230-4cd4-a5e0-4317eba61350,4,0,2025-10-31 07:14:00,2025-10-31 07:14:00
91,5c81bf0a-1a97-4b42-aef2-0582d2a0ec22,0,0,2025-10-31 07:44:08,2025-10-31 07:44:08
