id,user_id,video_id,channel_id,lang_id,duration,title,description,file_url,dash_url,hls_url,c_status,visibility,views_count,likes_count,dislikes_count,comments_count,vdc_id,content_id,categories_id,allow_comments,allow_subtitles,made_for_kids,status,smart_link_id,scheduled_at,is_deleted,created_at,modified_at,unpublished_at
34,117ac272-4790-415b-b4c5-5040a5b7aeb4,31e6e7f1-774a-4c24-9c70-38e21220d6d5,513e0606-e003-4fd1-86b4-9f684b6bbb7d,0,516,LEGENDS Akshay Kumar,"Some talent was there with me Slowly, my passion for acting developed, and I decided to pursue it as a career I wanted to hit the bulls-eye and showcase my abilities to become a star - Chiranjeevi
Theres a thin line between art house and commercial cinema Theyre closely intertwined Even art films have entertainment value, and entertainment has art in it -  Mohanlal",,https://d32o58k1tm1erd.cloudfront.net/file_library/videos/vod_drm/4583714/1761386588_2350548448130418/LEGENDS_AKSHAY_KUMAR.mpd,https://d32o58k1tm1erd.cloudfront.net/file_library/videos/vod_drm_ios/4583714/1761386588_6346388230120839/LEGENDS_AKSHAY_KUMAR.m3u8,0,0,1,0,0,0,4583714_0_6268145131581797,4583714_1761386588_5552463695042169,0,0,0,0,0,,,0,2025-10-25 10:10:59,2025-11-14 12:57:32,
39,4f1b8041-ffd9-4fd7-9b0c-0f6cd6a0a2be,a11f8253-2186-4004-867d-28c71e5aa34c,70dcc16b-23ba-46db-8358-c5271027a892,5,4,ankurs video 2,added video 2,,https://d32o58k1tm1erd.cloudfront.net/file_library/videos/vod_drm/4583785/1761389223_3957996041651937/Screen_Recording_2025-10-10_155843.mpd,https://d32o58k1tm1erd.cloudfront.net/file_library/videos/vod_drm_ios/4583785/1761389223_9635889508965693/Screen_Recording_2025-10-10_155843.m3u8,0,0,10,3,0,0,4583785_0_7973956207827441,4583785_1761389223_2706901916294231,0,0,0,1,0,,,0,2025-10-25 10:47:15,2025-12-04 06:32:00,
40,fb8d6810-77e5-4906-89f1-cfb5cb60f705,8a9b221f-2a32-4eaa-8744-e4f76338b0ae,71adc472-1761-4d4a-98a4-08a4efdd372d,5,196,Devi ,,,https://d32o58k1tm1erd.cloudfront.net/file_library/videos/vod_drm/4583788/1761389251_2562656404736965/Devi.mpd,https://d32o58k1tm1erd.cloudfront.net/file_library/videos/vod_drm_ios/4583788/1761389251_8244287833191615/Devi.m3u8,0,0,75,1,0,0,4583788_0_8666454145465601,4583788_1761389251_3300793824445601,0,0,0,0,0,,,0,2025-10-25 10:50:21,2025-11-13 08:39:00,
41,117ac272-4790-415b-b4c5-5040a5b7aeb4,f9158962-10a0-4dac-a2a8-f7cbc5210311,513e0606-e003-4fd1-86b4-9f684b6bbb7d,0,1337,SHAMA EPI - 357,,,https://d32o58k1tm1erd.cloudfront.net/file_library/videos/vod_drm/4583787/1761389245_9477923195886359/SHAMA_EPI_-_357.mpd,https://d32o58k1tm1erd.cloudfront.net/file_library/videos/vod_drm_ios/4583787/1761389245_7415501152294729/SHAMA_EPI_-_357.m3u8,0,0,30,1,1,0,4583787_0_2706983110003311,4583787_1761389245_7084313524181389,0,0,0,0,0,,,0,2025-10-25 11:06:28,2025-12-03 12:03:00,
43,0708b4cd-5ae9-4794-8df8-69a2b3f4c06d,54f0a848-6607-4112-9137-a4eb70e35901,21649ee1-64db-4034-ab4d-e206fd2d1cfe,0,680,How to Deploy AWS EKS with Terraform - The Simplest Guide to Get Up and Running,In this video  I go over the quickest and simplest way of getting AWS Elastic Kubernetes Service EKS up and running using Terraform for deployment We go over the basic configuration options and end up with a fully functional working EKS cluster by the end of the video,,https://d32o58k1tm1erd.cloudfront.net/file_library/videos/vod_drm/4583812/1761390829_9247012637647064/How_to_Deploy_AWS_EKS_with_Terraform_-_The_Simplest_Guide_to_Get_Up_and_Running.mpd,https://d32o58k1tm1erd.cloudfront.net/file_library/videos/vod_drm_ios/4583812/1761390829_6264746852499974/How_to_Deploy_AWS_EKS_with_Terraform_-_The_Simplest_Guide_to_Get_Up_and_Running.m3u8,0,0,151,34,45,0,4583812_0_3340942641994392,4583832_1761392418_4049458955464418,0,0,0,0,0,,,0,2025-10-25 11:21:36,2025-12-04 13:04:00,
51,4f1b8041-ffd9-4fd7-9b0c-0f6cd6a0a2be,c6eca20d-4e11-4528-a618-7af5db4f0cc3,70dcc16b-23ba-46db-8358-c5271027a892,0,15,checkefasdfas,,,https://d32o58k1tm1erd.cloudfront.net/file_library/videos/vod_drm/4583998/1761407489_9566108553935091/14364844_2160_3840_30fps.mpd,https://d32o58k1tm1erd.cloudfront.net/file_library/videos/vod_drm_ios/4583998/1761407489_8852625880343479/14364844_2160_3840_30fps.m3u8,0,0,12,1,1,0,4583998_0_6679898987500436,4583998_1761407489_8062799003244375,0,0,0,0,0,,,0,2025-10-25 15:51:56,2025-11-18 07:50:00,
55,89dd4c98-4304-4631-9761-0ad062c60f4d,451f6bb1-bffc-442e-99cc-1f6ca0aad702,9ffe68f8-e65f-4c5c-b223-d66afa2ccbb3,5,121,Hellboy ,,,https://d32o58k1tm1erd.cloudfront.net/file_library/videos/vod_drm/4584132/1761463219_7601864760876365/Hellboy_trailer_hindi.mpd,https://d32o58k1tm1erd.cloudfront.net/file_library/videos/vod_drm_ios/4584132/1761463219_6205638267903118/Hellboy_trailer_hindi.m3u8,0,0,53,1,0,0,4584132_0_9869123840901938,4584132_1761463219_4486403698159887,6,0,0,0,0,,,0,2025-10-26 07:22:31,2025-11-27 09:27:00,
56,117ac272-4790-415b-b4c5-5040a5b7aeb4,6ad14702-909a-4c6b-9fa5-b1c6c231a735,513e0606-e003-4fd1-86b4-9f684b6bbb7d,5,1668,Kalam Ko Salam,"Witness the extraordinary journey of Dr APJ Abdul KalamIndias Missile Man and the Peoples Presidentin this powerful and deeply moving tribute From his modest roots in Rameswaram to the highest office in the nation, Kalam redefined leadership through humility, vision, and a lifelong dedication to science, education, and national progress A powerful tribute weaving rare footage and personal stories to honor Dr Kalam  the visionary who shaped India through science, education, and compassion",,https://d32o58k1tm1erd.cloudfront.net/file_library/videos/vod_drm/4584149/1761465707_1652442485542001/Kalam_ko_Salam_Edited.mpd,https://d32o58k1tm1erd.cloudfront.net/file_library/videos/vod_drm_ios/4584149/1761465707_3253488642329703/Kalam_ko_Salam_Edited.m3u8,0,0,12,1,0,0,4584149_0_6193194975691874,4584149_1761465707_1352854210494406,6,0,0,0,0,,,0,2025-10-26 08:28:27,2025-12-02 07:20:00,
57,89dd4c98-4304-4631-9761-0ad062c60f4d,ff9a70b9-865b-44c3-897e-d99e033c2d35,9ffe68f8-e65f-4c5c-b223-d66afa2ccbb3,5,1508,Circus,,,https://d32o58k1tm1erd.cloudfront.net/file_library/videos/vod_drm/4584169/1761469277_8177532102045535/Circus-Epi-15.mpd,https://d32o58k1tm1erd.cloudfront.net/file_library/videos/vod_drm_ios/4584169/1761469277_2677066064198700/Circus-Epi-15.m3u8,0,0,4,0,0,0,4584169_0_4236506814674614,4584169_1761469277_9792680535606465,6,0,0,0,0,,,0,2025-10-26 09:29:17,2025-12-04 11:35:00,
59,a78eeba5-1ca6-418d-be3c-c656ebf25c14,7104c1d5-8138-400d-9d91-8a2a9cdc774e,ab007cb4-51a3-4994-8e83-402e338b39be,0,20,Parrat,Parrat,,https://d32o58k1tm1erd.cloudfront.net/file_library/videos/vod_drm/4584291/1761491597_3866428350244391/mixkit-macaw-parrot-feeding-on-a-branch-4669-hd-ready.mpd,https://d32o58k1tm1erd.cloudfront.net/file_library/videos/vod_drm_ios/4584291/1761491597_7325391571116696/mixkit-macaw-parrot-feeding-on-a-branch-4669-hd-ready.m3u8,0,0,16,1,0,0,4584291_0_7440908962246096,4584291_1761491597_3437928376844882,0,0,0,0,0,,,0,2025-10-26 15:13:48,2025-11-24 12:42:00,
61,6073b8d5-a550-4505-8b70-e78232d405d6,b815f227-f7c3-4fa2-930f-e05847868654,5f5e9589-dabc-476d-8660-6e40379ad05a,0,16,APJ Abdul Kalam On Creativity,APJ Abdul Kalam On Creativity,,https://d32o58k1tm1erd.cloudfront.net/file_library/videos/vod_drm/4584319/1761499465_9918263928068659/APJ_Abdul_Kalam_on_CREATIVITY.mpd,https://d32o58k1tm1erd.cloudfront.net/file_library/videos/vod_drm_ios/4584319/1761499465_6236540450726910/APJ_Abdul_Kalam_on_CREATIVITY.m3u8,0,0,40,0,0,0,4584319_0_8538184206947507,4584319_1761499465_7451318594363578,6,0,0,0,0,,,0,2025-10-26 17:24:50,2025-11-14 15:06:00,
62,6073b8d5-a550-4505-8b70-e78232d405d6,e69e171d-9864-46ba-b775-d0980fcfa23d,5f5e9589-dabc-476d-8660-6e40379ad05a,0,168,fastest car,fastest car,,https://d32o58k1tm1erd.cloudfront.net/file_library/videos/vod_drm/4584322/1761500124_1489407465064282/FASTEST_CAR_ON_THE_PLANET.mpd,https://d32o58k1tm1erd.cloudfront.net/file_library/videos/vod_drm_ios/4584322/1761500124_6095067328707601/FASTEST_CAR_ON_THE_PLANET.m3u8,0,0,3,0,0,0,4584322_0_7852230678768832,4584322_1761500124_7996982761000923,6,0,0,0,0,,,0,2025-10-26 17:38:15,2025-11-18 06:40:00,
63,6073b8d5-a550-4505-8b70-e78232d405d6,95e19cfd-e964-472c-97bc-fd86cc7d7d90,5f5e9589-dabc-476d-8660-6e40379ad05a,0,93,Dance Of The Wind,Dance Of The Wind,,https://d32o58k1tm1erd.cloudfront.net/file_library/videos/vod_drm/4584326/1761500220_6122185946717827/Dance_of_the_Wind.mpd,https://d32o58k1tm1erd.cloudfront.net/file_library/videos/vod_drm_ios/4584326/1761500220_7508930307863320/Dance_of_the_Wind.m3u8,0,0,9,0,0,0,4584326_0_7120808974740943,4584326_1761500220_6044164212877551,6,0,0,0,0,,,0,2025-10-26 17:38:29,2025-12-02 11:15:00,
64,6073b8d5-a550-4505-8b70-e78232d405d6,e6abf2df-e1ca-4ab4-9a80-1502fea85778,5f5e9589-dabc-476d-8660-6e40379ad05a,0,79,king kohli 122,king kohli 122,,https://d32o58k1tm1erd.cloudfront.net/file_library/videos/vod_drm/4584327/1761500253_1134906687459197/king_122_NO.mpd,https://d32o58k1tm1erd.cloudfront.net/file_library/videos/vod_drm_ios/4584327/1761500253_6621320113289888/king_122_NO.m3u8,0,0,0,0,0,0,4584327_0_9880234975685568,4584327_1761500253_7758170519994138,6,0,0,0,0,,,0,2025-10-26 17:38:59,2025-10-28 12:26:44,
65,6073b8d5-a550-4505-8b70-e78232d405d6,64888d0d-9462-4572-82a1-093355ad2ff8,5f5e9589-dabc-476d-8660-6e40379ad05a,0,263,Shape Of you 1,Shape Of you 1,,https://d32o58k1tm1erd.cloudfront.net/file_library/videos/vod_drm/4584325/1761500143_2994766987273566/WhatsApp_Video_2025-10-13_at_11.10.13_ebc455ab.mpd,https://d32o58k1tm1erd.cloudfront.net/file_library/videos/vod_drm_ios/4584325/1761500143_1940036461655356/WhatsApp_Video_2025-10-13_at_11.10.13_ebc455ab.m3u8,0,0,24,0,0,0,4584325_0_2587587853626095,4584325_1761500143_5696833954357305,0,0,0,0,0,,,0,2025-10-26 17:39:12,2025-11-21 05:13:00,
66,6073b8d5-a550-4505-8b70-e78232d405d6,93cd9abb-16b9-4a79-8edb-378cde0e1224,5f5e9589-dabc-476d-8660-6e40379ad05a,0,43,lambo vs ducati,lambo vs ducati,,https://d32o58k1tm1erd.cloudfront.net/file_library/videos/vod_drm/4584332/1761500673_5785624645746750/Lamborghini_Temerario_VS_Ducati_Panigale.mpd,https://d32o58k1tm1erd.cloudfront.net/file_library/videos/vod_drm_ios/4584332/1761500673_4621519095710668/Lamborghini_Temerario_VS_Ducati_Panigale.m3u8,0,0,3,0,0,0,4584332_0_1011875910680906,4584332_1761500673_9335800689788245,6,0,0,0,0,,,0,2025-10-26 17:45:30,2025-11-07 07:39:00,
67,23e75f46-a256-4a5e-9cfd-f9f047d6a2ae,20111402-7acf-480d-ac4d-3facb36ca1b5,9b56ddeb-d4d2-4dad-a3d5-a56b81263534,0,143,movie trailer,trailer,,https://d32o58k1tm1erd.cloudfront.net/file_library/videos/vod_drm/4584337/1761501514_5832736285169392/video_162dcd3b90e6ac89_1761500572.mpd,https://d32o58k1tm1erd.cloudfront.net/file_library/videos/vod_drm_ios/4584337/1761501514_5770761066858777/video_162dcd3b90e6ac89_1761500572.m3u8,0,0,0,0,0,0,4584337_0_8653528943925985,4584337_1761501514_2419084668290320,4,0,0,0,0,,,0,2025-10-26 18:00:50,2025-10-28 12:26:44,
68,6073b8d5-a550-4505-8b70-e78232d405d6,faeff0ed-7bc7-4fee-ab5f-55d52af5e239,5f5e9589-dabc-476d-8660-6e40379ad05a,5,134,Suryaputra Karn,Suryaputra Karn,,https://d32o58k1tm1erd.cloudfront.net/file_library/videos/vod_drm/4584338/1761501555_4187743751547282/Prabhas_as_Suryaputra_Karna.mpd,https://d32o58k1tm1erd.cloudfront.net/file_library/videos/vod_drm_ios/4584338/1761501555_3806100709138956/Prabhas_as_Suryaputra_Karna.m3u8,0,0,35,0,0,0,4584338_0_2269577824687334,4584338_1761501555_3294442837679463,6,0,0,0,0,,,0,2025-10-26 18:01:37,2025-12-01 10:00:00,
69,6073b8d5-a550-4505-8b70-e78232d405d6,fb47efa0-2366-4ea3-88d5-7c2e6ff77fba,5f5e9589-dabc-476d-8660-6e40379ad05a,0,168,fast car,fast car,,https://d32o58k1tm1erd.cloudfront.net/file_library/videos/vod_drm/4584339/1761501582_2633815637023383/SSYouTube.online_FASTEST_CAR_ON_THE_PLANET_720p.mpd,https://d32o58k1tm1erd.cloudfront.net/file_library/videos/vod_drm_ios/4584339/1761501582_7364504816872905/SSYouTube.online_FASTEST_CAR_ON_THE_PLANET_720p.m3u8,0,0,6,0,0,0,4584339_0_2701116495875673,4584339_1761501582_3068365381488491,7,0,0,0,0,,,0,2025-10-26 18:02:53,2025-11-28 06:53:00,
70,6073b8d5-a550-4505-8b70-e78232d405d6,be130563-e31d-4326-89e9-93800bdd6aee,5f5e9589-dabc-476d-8660-6e40379ad05a,0,54,redbull f1 miami,redbull f1 miami,,https://d32o58k1tm1erd.cloudfront.net/file_library/videos/vod_drm/4584352/1761503027_6897982717288762/Redbull_f1_takes_Miami.mpd,https://d32o58k1tm1erd.cloudfront.net/file_library/videos/vod_drm_ios/4584352/1761503027_9407949933805693/Redbull_f1_takes_Miami.m3u8,0,0,18,0,1,0,4584352_0_1790124003873514,4584352_1761503027_6283966151656050,6,0,0,0,0,,,0,2025-10-26 18:24:51,2025-11-18 07:08:00,
71,6073b8d5-a550-4505-8b70-e78232d405d6,c1ed76ab-7a3a-47f7-bff3-ff1eec2955a8,5f5e9589-dabc-476d-8660-6e40379ad05a,0,87,rafale fighter jet,,,https://d32o58k1tm1erd.cloudfront.net/file_library/videos/vod_drm/4584350/1761503005_9533812849902930/Rafale_fighter_jet.mpd,https://d32o58k1tm1erd.cloudfront.net/file_library/videos/vod_drm_ios/4584350/1761503005_8702219633042681/Rafale_fighter_jet.m3u8,0,0,7,0,0,0,4584350_0_4205556062101989,4584350_1761503005_4407210779704500,6,0,0,0,0,,,0,2025-10-26 18:25:05,2025-11-14 14:46:00,
72,6073b8d5-a550-4505-8b70-e78232d405d6,0942326c-8133-4087-a536-254114406471,5f5e9589-dabc-476d-8660-6e40379ad05a,0,41,APJ inspiration,APJ inspiration,,https://d32o58k1tm1erd.cloudfront.net/file_library/videos/vod_drm/4584353/1761503059_8543431415865741/The_man_who_Inspired_Dr_APJ_Abdul_Kalam.mpd,https://d32o58k1tm1erd.cloudfront.net/file_library/videos/vod_drm_ios/4584353/1761503059_4888565773136681/The_man_who_Inspired_Dr_APJ_Abdul_Kalam.m3u8,0,0,12,0,0,0,4584353_0_6296696561339046,4584353_1761503059_5048875910133293,6,0,0,0,0,,,0,2025-10-26 18:25:26,2025-11-28 08:23:00,
73,6073b8d5-a550-4505-8b70-e78232d405d6,c447c20e-3398-4e25-8feb-12dc760ba35e,5f5e9589-dabc-476d-8660-6e40379ad05a,0,16,APJ Abdul Kalam On Creativity,APJ Abdul Kalam On Creativity,,https://d32o58k1tm1erd.cloudfront.net/file_library/videos/vod_drm/4584356/1761503120_5597988836665360/APJ_Abdul_Kalam_on_CREATIVITY.mpd,https://d32o58k1tm1erd.cloudfront.net/file_library/videos/vod_drm_ios/4584356/1761503120_5329610292723278/APJ_Abdul_Kalam_on_CREATIVITY.m3u8,0,0,9,0,0,0,4584356_0_2686891677868325,4584356_1761503120_7452893860188323,0,0,0,0,0,,,0,2025-10-26 18:25:49,2025-11-07 12:24:00,
74,6073b8d5-a550-4505-8b70-e78232d405d6,0f01603c-e616-48c2-9dbc-7b0edf1e9475,5f5e9589-dabc-476d-8660-6e40379ad05a,0,166,Virat Vs AUS,virat vs aus,,https://d32o58k1tm1erd.cloudfront.net/file_library/videos/vod_drm/4584354/1761503080_7586930678122980/Virat_Kohli_Makes_The_Australian_Cricket_Team_Pay.mpd,https://d32o58k1tm1erd.cloudfront.net/file_library/videos/vod_drm_ios/4584354/1761503080_2755107873633218/Virat_Kohli_Makes_The_Australian_Cricket_Team_Pay.m3u8,0,0,5,1,0,0,4584354_0_4888009457893942,4584354_1761503080_2028721603459877,6,0,0,0,0,,,0,2025-10-26 18:27:51,2025-12-01 12:57:00,
75,6073b8d5-a550-4505-8b70-e78232d405d6,658e6cae-960b-4220-97a9-ff5f80c96b77,5f5e9589-dabc-476d-8660-6e40379ad05a,0,100, tejas ride,tejas ride,,https://d32o58k1tm1erd.cloudfront.net/file_library/videos/vod_drm/4584361/1761504620_9936758319499253/Prime_Minister_Narendra_Modi_takes_a_sortie_on_Tejas.mpd,https://d32o58k1tm1erd.cloudfront.net/file_library/videos/vod_drm_ios/4584361/1761504620_3838482371884059/Prime_Minister_Narendra_Modi_takes_a_sortie_on_Tejas.m3u8,0,0,15,0,0,0,4584361_0_5289642669369974,4584361_1761504620_5542910769818708,6,0,0,0,0,,,0,2025-10-26 18:52:03,2025-11-26 05:20:00,
77,6073b8d5-a550-4505-8b70-e78232d405d6,74454822-2267-463e-b142-2d81ecfa8422,5f5e9589-dabc-476d-8660-6e40379ad05a,5,174,mid air save,mid air save,,https://d32o58k1tm1erd.cloudfront.net/file_library/videos/vod_drm/4584370/1761506297_6978719351597911/video_00cec4a334c310d4_1761505335.mpd,https://d32o58k1tm1erd.cloudfront.net/file_library/videos/vod_drm_ios/4584370/1761506297_8542479610188610/video_00cec4a334c310d4_1761505335.m3u8,0,0,7,1,1,0,4584370_0_7834290563906628,4584370_1761506297_7806742817434208,6,0,0,0,0,,,0,2025-10-26 19:21:42,2025-11-19 07:59:00,
78,a78eeba5-1ca6-418d-be3c-c656ebf25c14,f285879d-0355-40eb-be50-447ffb6e0278,ab007cb4-51a3-4994-8e83-402e338b39be,0,9,Cat,Cat,,https://d32o58k1tm1erd.cloudfront.net/file_library/videos/vod_drm/4584374/1761508937_8265482175522851/video_a016a706fb5fbd2d_1761508828.mpd,https://d32o58k1tm1erd.cloudfront.net/file_library/videos/vod_drm_ios/4584374/1761508937_1083022563970160/video_a016a706fb5fbd2d_1761508828.m3u8,0,0,91,2,2,0,4584374_0_2768222750314309,4584374_1761508937_9435995951555015,0,0,0,0,0,,,0,2025-10-26 20:02:36,2025-12-03 05:54:00,
81,6073b8d5-a550-4505-8b70-e78232d405d6,72afe8d2-9890-4cd4-9186-a79ff6c3150d,5f5e9589-dabc-476d-8660-6e40379ad05a,0,111,Bugatti Chiron,Bugatti Chiron,,https://d32o58k1tm1erd.cloudfront.net/file_library/videos/vod_drm/4584559/1761543729_9014423730092029/video_1587b459516af5b6_1761543159.mpd,https://d32o58k1tm1erd.cloudfront.net/file_library/videos/vod_drm_ios/4584559/1761543729_3250583590204485/video_1587b459516af5b6_1761543159.m3u8,0,0,20,3,1,0,4584559_0_1299717304896824,4584559_1761543729_9723803784613899,6,0,0,0,0,,,0,2025-10-27 05:44:07,2025-12-03 05:39:00,
95,a78eeba5-1ca6-418d-be3c-c656ebf25c14,ae796dfc-c300-46e4-ac70-71dd2ca564cd,ab007cb4-51a3-4994-8e83-402e338b39be,0,30,Aarti,Aarti,,https://d32o58k1tm1erd.cloudfront.net/file_library/videos/vod_drm/4588511/1761845592_6267797706526643/video_9959ef0084637a98_1761845243.mpd,https://d32o58k1tm1erd.cloudfront.net/file_library/videos/vod_drm_ios/4588511/1761845592_3823726979993171/video_9959ef0084637a98_1761845243.m3u8,0,0,57,1,1,0,4588511_0_3195719686358819,4588511_1761845592_8314414854311505,0,0,0,0,0,VI8355vo,,0,2025-10-30 17:33:44,2025-12-03 08:31:00,
96,a78eeba5-1ca6-418d-be3c-c656ebf25c14,98d336cf-a55e-45b9-9864-ac83420f78fa,ab007cb4-51a3-4994-8e83-402e338b39be,0,11,Dog,Dog,,https://d32o58k1tm1erd.cloudfront.net/file_library/videos/vod_drm/4588533/1761851171_2371907853044117/video_a48d394de2d1e2e8_1761848422.mpd,https://d32o58k1tm1erd.cloudfront.net/file_library/videos/vod_drm_ios/4588533/1761851171_5691395767610198/video_a48d394de2d1e2e8_1761848422.m3u8,0,0,16,0,0,0,4588533_0_1886082024259837,4588533_1761851171_5333855973799157,0,0,0,0,0,VI837Rc0,,0,2025-10-30 19:06:35,2025-12-02 14:08:00,
100,68f52020-346c-4ae3-b4af-81dc6f9b717b,1a1ca2ed-ebc9-42b8-967b-4b4e568ab095,f4891956-763a-4f7b-85a0-77f6af241b7c,17,31,test video as draft,fbdskjanl/m,,https://d32o58k1tm1erd.cloudfront.net/file_library/videos/vod_drm/4588868/1761894251_2529933696674780/video_13814ad5fbd52ec0_1761894085.mpd,https://d32o58k1tm1erd.cloudfront.net/file_library/videos/vod_drm_ios/4588868/1761894251_2341544372834882/video_13814ad5fbd52ec0_1761894085.m3u8,0,0,35,0,0,0,4588868_0_5334922494674025,4588868_1761894251_7488068332433953,0,0,0,0,0,VI859i9S,,0,2025-10-31 07:04:46,2025-12-02 07:27:00,
101,68f52020-346c-4ae3-b4af-81dc6f9b717b,a98d4dd8-4718-4ebf-a76b-05926fbc21b1,f4891956-763a-4f7b-85a0-77f6af241b7c,0,300,Approved video should be clickable,,,https://d32o58k1tm1erd.cloudfront.net/file_library/videos/vod_drm/4588864/1761894046_6659742374872511/video_5e2430c7934aa34d_1761893673.mpd,https://d32o58k1tm1erd.cloudfront.net/file_library/videos/vod_drm_ios/4588864/1761894046_8798756382390656/video_5e2430c7934aa34d_1761893673.m3u8,0,0,87,0,1,0,4588864_0_4375521035622177,4588864_1761894046_5485731039292715,0,0,0,0,0,VI855Bxb,,0,2025-10-31 07:05:52,2025-11-28 07:48:00,
105,68f52020-346c-4ae3-b4af-81dc6f9b717b,88739761-2a7a-4499-a143-ec40b76c1a50,f4891956-763a-4f7b-85a0-77f6af241b7c,0,31,test upload,test upload,,https://d32o58k1tm1erd.cloudfront.net/file_library/videos/vod_drm/4589352/1761913861_9424097014953905/video_17dd2917a246e41b_1761913777.mpd,https://d32o58k1tm1erd.cloudfront.net/file_library/videos/vod_drm_ios/4589352/1761913861_6130744401593931/video_17dd2917a246e41b_1761913777.m3u8,0,0,15,0,0,0,4589352_0_3755717098286283,4589352_1761913861_1091230508313951,0,0,0,0,0,VI913Z1E,,0,2025-10-31 13:48:53,2025-12-04 13:01:00,
109,fe65118d-be1f-430d-a266-1557af94c031,698096cb-fa42-400a-8582-39e518584a8d,4fd39299-dc5c-45c6-91cd-8bdbfa32cba1,0,300,Apradhi Kaun Ep01,description,,https://d32o58k1tm1erd.cloudfront.net/file_library/videos/vod_drm/4590855/1762158022_5568742348806242/video_cc8ffcda2d9a176e_1762157354.mpd,https://d32o58k1tm1erd.cloudfront.net/file_library/videos/vod_drm_ios/4590855/1762158022_6197400380503393/video_cc8ffcda2d9a176e_1762157354.m3u8,0,0,2,0,0,0,4590855_0_3981051059507805,4590855_1762158022_2484162129809443,0,0,0,1,0,VI939EQ4,,0,2025-11-03 08:25:57,2025-11-13 11:39:00,
110,fe65118d-be1f-430d-a266-1557af94c031,6070b5b8-a45f-4d5d-953f-fe09b2bc1833,4fd39299-dc5c-45c6-91cd-8bdbfa32cba1,5,300,Apradhi Kaun Ep02,description,,https://d32o58k1tm1erd.cloudfront.net/file_library/videos/vod_drm/4590949/1762163509_6905478322250080/video_010af47af80a0a31_1762162666.mpd,https://d32o58k1tm1erd.cloudfront.net/file_library/videos/vod_drm_ios/4590949/1762163509_2774706323939259/video_010af47af80a0a31_1762162666.m3u8,0,0,80,4,1,0,4590949_0_8512406305368634,4590949_1762163509_8132312885054256,0,0,0,1,0,VI944Rge,,0,2025-11-03 09:57:14,2025-11-25 11:17:00,
119,05585d26-bb7b-4ad1-9eaf-a33f31cf3965,85dce488-7ca0-4576-bd8a-dbf0040da5bc,0f1f05f1-99eb-4089-a3b2-d0215018db67,30,26,"Flowers, Rivers and Maountains","Nature is the most beautiful gift of God to all living beings It includes trees, rivers, mountains, air, and animals  everything that makes the Earth a wonderful place to live Nature gives us food to eat, air to breathe, and water to drink We should love and protect nature because our life depends on it",,https://d32o58k1tm1erd.cloudfront.net/file_library/videos/vod_drm/4592686/1762320175_8258219191015829/video_d1b511157b19b52f_1762316449.mpd,https://d32o58k1tm1erd.cloudfront.net/file_library/videos/vod_drm_ios/4592686/1762320175_7305270077063321/video_d1b511157b19b52f_1762316449.m3u8,0,0,5,1,0,0,4592686_0_6696031372213597,4592686_1762320175_4294663570178500,0,0,0,1,0,VI1022djx,,0,2025-11-05 05:23:47,2025-11-06 08:13:00,
122,05585d26-bb7b-4ad1-9eaf-a33f31cf3965,c130d8b6-1d99-4a85-9818-c4376d755bf3,0f1f05f1-99eb-4089-a3b2-d0215018db67,31,5,The Final Clash  An Epic Fight for Glory,"Two forces collide in a battle beyond limits Every strike, every roar, every moment burns with fury and power This isnt just a fight  its destiny unfolding in the heart of chaos Witness an epic showdown where only the strongest will rise",,https://d32o58k1tm1erd.cloudfront.net/file_library/videos/vod_drm/4594127/1762422489_1614040979073400/video_3d66a50db502a3fc_1762421245.mpd,https://d32o58k1tm1erd.cloudfront.net/file_library/videos/vod_drm_ios/4594127/1762422489_8193419191910975/video_3d66a50db502a3fc_1762421245.m3u8,0,0,0,0,0,0,4594127_0_2352875856980598,4594127_1762422490_9721847539192702,0,0,0,0,0,VI1121Z5v,,0,2025-11-06 09:48:27,2025-11-06 09:48:27,
123,fe65118d-be1f-430d-a266-1557af94c031,3d29fe96-f2d6-473f-8393-13de8f1be0fd,4fd39299-dc5c-45c6-91cd-8bdbfa32cba1,0,600,Video with Multiple audio ,,,https://d32o58k1tm1erd.cloudfront.net/file_library/videos/vod_drm/4594133/1762422665_4321274443544695/video_031e061bcb2fc176_1762422076.mpd,https://d32o58k1tm1erd.cloudfront.net/file_library/videos/vod_drm_ios/4594133/1762422665_1432785572754115/video_031e061bcb2fc176_1762422076.m3u8,0,0,146,3,2,0,4594133_0_7514622124880108,4594133_1762422665_8248736328776448,0,0,0,1,0,VI11248GO,2025-11-26 16:46:07,0,2025-11-06 09:59:26,2025-12-03 07:37:00,
124,88a8ff8c-1b04-4daa-99ea-81ee0dad5466,bb75f218-b107-45c3-b9dd-edc6c45a4960,ae6718b4-ceaa-459b-8d23-cc3d320a9ea6,0,31,jkjk,,,https://d32o58k1tm1erd.cloudfront.net/file_library/videos/vod_drm/4594236/1762425296_7657795049672964/video_95e8658f976c8e9e_1762424744.mpd,https://d32o58k1tm1erd.cloudfront.net/file_library/videos/vod_drm_ios/4594236/1762425296_4356670756934995/video_95e8658f976c8e9e_1762424744.m3u8,0,0,22,0,0,0,4594236_0_8397031286979727,4594236_1762425296_4699425808439342,0,0,0,0,0,VI11387Sm,,0,2025-11-06 10:35:55,2025-12-01 12:34:00,
125,88a8ff8c-1b04-4daa-99ea-81ee0dad5466,f7c8a4ad-338f-48a4-a63b-a81c5810a8b6,ae6718b4-ceaa-459b-8d23-cc3d320a9ea6,0,31,mnmmn,,,https://d32o58k1tm1erd.cloudfront.net/file_library/videos/vod_drm/4594237/1762425322_9567582690400158/video_0545a45510df45b8_1762424235.mpd,https://d32o58k1tm1erd.cloudfront.net/file_library/videos/vod_drm_ios/4594237/1762425322_1303907693498238/video_0545a45510df45b8_1762424235.m3u8,0,0,14,0,0,0,4594237_0_7856091966691164,4594237_1762425322_6203829599471754,0,0,0,0,0,VI1137F16,,0,2025-11-06 10:36:40,2025-12-03 05:47:00,
126,05585d26-bb7b-4ad1-9eaf-a33f31cf3965,85fe805d-3870-4c63-83e9-5eaa4f9b773d,0f1f05f1-99eb-4089-a3b2-d0215018db67,5,30,The Haunted House  Where Shadows Never Sleep,"Step inside the darkness where whispers echo through empty halls Every door creaks, every shadow moves, and every corner hides a secret This cinematic horror experience takes you into a world where the house itself is alive  and its waiting for you No one remembers who built it or who vanished inside But when the lights go out, the walls begin to speak Explore the terrifying mystery of an abandoned house haunted by the past  where every sound tells a story of fear",,https://d32o58k1tm1erd.cloudfront.net/file_library/videos/vod_drm/4594238/1762425346_6499938118067687/video_523b16ed6c0c96a2_1762425024.mpd,https://d32o58k1tm1erd.cloudfront.net/file_library/videos/vod_drm_ios/4594238/1762425346_4553357208155009/video_523b16ed6c0c96a2_1762425024.m3u8,0,0,10,0,0,0,4594238_0_1844991963662498,4594238_1762425346_9900070938425939,0,0,0,0,0,VI1141BZb,,0,2025-11-06 10:36:49,2025-11-13 14:22:00,
127,05585d26-bb7b-4ad1-9eaf-a33f31cf3965,2d6a95e5-33f8-44aa-911c-108266c326f1,0f1f05f1-99eb-4089-a3b2-d0215018db67,5,1874,Mann Ki Baat,"Mann Ki Baat is a monthly radio programme in which the Prime Minister of India shares his thoughts with the public on various topics of national importance, culture, innovation, and social change",,https://d32o58k1tm1erd.cloudfront.net/file_library/videos/vod_drm/4594410/1762431600_4754209156330210/video_a605dbe6b0992a3b_1762427117.mpd,https://d32o58k1tm1erd.cloudfront.net/file_library/videos/vod_drm_ios/4594410/1762431600_8546353222208159/video_a605dbe6b0992a3b_1762427117.m3u8,0,0,18,1,0,0,4594410_0_2329552057900599,4594410_1762431600_1990737592287133,0,0,0,0,0,VI11522HO,,0,2025-11-06 12:47:21,2025-12-01 12:49:00,
131,05585d26-bb7b-4ad1-9eaf-a33f31cf3965,2bcf0753-07d6-452e-9480-a6c65cd66420,0f1f05f1-99eb-4089-a3b2-d0215018db67,16,26,Running on Water  Defying the Impossible,,,https://d32o58k1tm1erd.cloudfront.net/file_library/videos/vod_drm/4594966/1762496871_9209558105941552/video_5e2f7a75645f5063_1762425539.mpd,https://d32o58k1tm1erd.cloudfront.net/file_library/videos/vod_drm_ios/4594966/1762496871_6935499260996701/video_5e2f7a75645f5063_1762425539.m3u8,0,0,12,1,0,0,4594966_0_9243432847288796,4594966_1762496871_6481507042444609,0,0,0,0,0,VI1143zSa,,0,2025-11-07 06:29:02,2025-11-28 08:08:00,
133,d594681a-993a-4866-adb1-7ae492da101d,2aae8acc-4d8f-4ae4-8506-49fd53c82387,8cc726d9-361a-4f09-b580-72531c858056,0,1933,How to Deploy AWS EKS with Terraform - The Simplest Guide to Get Up and Running,,,https://d32o58k1tm1erd.cloudfront.net/file_library/videos/vod_drm/4595245/1762508884_6809048838754464/video_bfdc1814054f8bb7_1762500444.mpd,https://d32o58k1tm1erd.cloudfront.net/file_library/videos/vod_drm_ios/4595245/1762508884_4698468950873748/video_bfdc1814054f8bb7_1762500444.m3u8,0,0,491,8,4,0,4595245_0_7670617127242169,4595245_1762508884_8450882562410405,0,0,0,0,0,VI1183g1k,,0,2025-11-07 10:04:57,2025-12-03 13:23:00,
135,2cb2a3bf-b7fd-4a11-88e5-d942c47c2876,615b5565-4dd0-4b36-8fd8-0636bd286f33,f4311459-862d-4c2a-99b5-0b8db352a872,0,27,Testing filter,Testing ,,https://d32o58k1tm1erd.cloudfront.net/file_library/videos/vod_drm/4595361/1762511821_7735704866040139/video_58dfd1be0c7e8cc1_1762511160.mpd,https://d32o58k1tm1erd.cloudfront.net/file_library/videos/vod_drm_ios/4595361/1762511821_8949430962694010/video_58dfd1be0c7e8cc1_1762511160.m3u8,0,0,0,0,0,0,4595361_0_1447113376607074,4595361_1762511821_3227380164246464,0,0,0,0,0,VI11957L8,,0,2025-11-07 10:37:30,2025-11-07 10:37:30,
137,05585d26-bb7b-4ad1-9eaf-a33f31cf3965,4ab33385-af83-4b8e-83de-71b16059aba6,0f1f05f1-99eb-4089-a3b2-d0215018db67,0,121,We want solution from you,,,https://d32o58k1tm1erd.cloudfront.net/file_library/videos/vod_drm/4597444/1762762278_6411992445797992/video_a3710f83236e8a9e_1762761773.mpd,https://d32o58k1tm1erd.cloudfront.net/file_library/videos/vod_drm_ios/4597444/1762762278_5788748554490440/video_a3710f83236e8a9e_1762761773.m3u8,0,0,7,0,1,0,4597444_0_1446740314982149,4597444_1762762278_6470140674005335,0,0,0,0,0,VI1254qBh,,0,2025-11-10 08:13:41,2025-11-26 05:13:00,
138,05585d26-bb7b-4ad1-9eaf-a33f31cf3965,9315c0d2-e9c1-495a-a357-da728cb03144,0f1f05f1-99eb-4089-a3b2-d0215018db67,3,7,Cup of Tea,Cup of tea,,https://d32o58k1tm1erd.cloudfront.net/file_library/videos/vod_drm/4598909/1762858202_9942544904978366/video_4a75ab73fe05bccb_1762857697.mpd,https://d32o58k1tm1erd.cloudfront.net/file_library/videos/vod_drm_ios/4598909/1762858202_1161957407493532/video_4a75ab73fe05bccb_1762857697.m3u8,0,0,1,0,0,0,4598909_0_5207210639990318,4598909_1762858202_6602377590258220,0,0,0,1,0,VI131642v,,0,2025-11-11 10:50:15,2025-11-28 08:11:00,
139,88a8ff8c-1b04-4daa-99ea-81ee0dad5466,01b31868-73d4-4956-af99-24049dc998bd,ae6718b4-ceaa-459b-8d23-cc3d320a9ea6,5,1,Test111,,,https://d32o58k1tm1erd.cloudfront.net/file_library/videos/vod_drm/4599688/1762931822_1395331117811004/video_7653413febf39469_1762925683.mpd,https://d32o58k1tm1erd.cloudfront.net/file_library/videos/vod_drm_ios/4599688/1762931822_7270846163918230/video_7653413febf39469_1762925683.m3u8,0,0,3,0,0,0,4599688_0_2967283980644941,4599688_1762931822_3838087276022701,0,0,0,0,0,VI134133G,,0,2025-11-12 07:17:14,2025-12-01 12:53:00,
140,6073b8d5-a550-4505-8b70-e78232d405d6,0d3f7881-c5bf-477a-9466-12aa54809638,5f5e9589-dabc-476d-8660-6e40379ad05a,0,111,Bugatti Chiron 2,Bugatti Chiron 2 ,,https://d32o58k1tm1erd.cloudfront.net/file_library/videos/vod_drm/4599711/1762932375_2741806476462630/video_e076aa29b22bd3ae_1762931373.mpd,https://d32o58k1tm1erd.cloudfront.net/file_library/videos/vod_drm_ios/4599711/1762932375_5718175558205383/video_e076aa29b22bd3ae_1762931373.m3u8,0,0,23,0,0,0,4599711_0_2980729312890458,4599711_1762932375_6375541762690986,0,0,0,0,0,VI13474oQ,,0,2025-11-12 07:28:51,2025-12-03 06:33:00,
141,05585d26-bb7b-4ad1-9eaf-a33f31cf3965,f0bb15c8-628d-4a04-a24f-ba12a9f1b6cc,0f1f05f1-99eb-4089-a3b2-d0215018db67,0,15,Mountains,,,https://d32o58k1tm1erd.cloudfront.net/file_library/videos/vod_drm/4599880/1762938903_1640819398757295/video_c77cd18048560be9_1762938522.mpd,https://d32o58k1tm1erd.cloudfront.net/file_library/videos/vod_drm_ios/4599880/1762938903_2002549455530950/video_c77cd18048560be9_1762938522.m3u8,0,0,6,1,0,0,4599880_0_9349834470421983,4599880_1762938903_6029177470130345,0,0,0,0,0,VI1355op6,,0,2025-11-12 09:15:40,2025-11-20 11:51:00,
142,a78eeba5-1ca6-418d-be3c-c656ebf25c14,613744da-ced5-4cd6-ad1b-af0f74251f4e,ab007cb4-51a3-4994-8e83-402e338b39be,0,60,Learning time,,,https://d32o58k1tm1erd.cloudfront.net/file_library/videos/vod_drm/4599904/1762939718_4729283081627467/video_1b6c92bff732e14f_1762939549.mpd,https://d32o58k1tm1erd.cloudfront.net/file_library/videos/vod_drm_ios/4599904/1762939718_9732013797560795/video_1b6c92bff732e14f_1762939549.m3u8,0,0,3,0,0,0,4599904_0_4499483592698084,4599904_1762939718_8937730047927490,0,0,0,0,0,VI1362QAU,,0,2025-11-12 09:30:11,2025-12-01 08:24:00,
143,a78eeba5-1ca6-418d-be3c-c656ebf25c14,85b88f05-af36-475d-a808-2aba15c09585,ab007cb4-51a3-4994-8e83-402e338b39be,0,10,testst private,,,https://d32o58k1tm1erd.cloudfront.net/file_library/videos/vod_drm/4599951/1762941594_4975092035172938/video_e8d36a3cd6019419_1762941460.mpd,https://d32o58k1tm1erd.cloudfront.net/file_library/videos/vod_drm_ios/4599951/1762941594_8951382767552526/video_e8d36a3cd6019419_1762941460.m3u8,0,0,16,0,0,0,4599951_0_4433559532129331,4599951_1762941594_6253675384188383,0,0,0,0,0,VI1366mWj,2025-11-25 16:46:48,0,2025-11-12 10:00:34,2025-12-04 10:45:00,
154,65a37f84-d269-470b-b9a6-e7f281fa9ee7,98e1337c-e13b-42b0-90a7-079bb1f77e86,34639f25-fdb0-4f8a-905b-8ba04c07e6cc,0,10,Test 2,,,https://d32o58k1tm1erd.cloudfront.net/file_library/videos/vod_drm/4601309/1763039905_9161618574736878/video_c742349f0db2878b_1763039644.mpd,https://d32o58k1tm1erd.cloudfront.net/file_library/videos/vod_drm_ios/4601309/1763039905_8155827629275942/video_c742349f0db2878b_1763039644.m3u8,0,0,0,0,0,0,4601309_0_6613905773370969,4601309_1763039905_3231044355963159,0,0,0,0,0,VI1448po4,,0,2025-11-13 13:19:27,2025-11-13 13:19:27,
156,fe65118d-be1f-430d-a266-1557af94c031,bfb250fe-fe30-4a9b-aa2a-692a5657e839,4fd39299-dc5c-45c6-91cd-8bdbfa32cba1,0,13,eee,                                                   ,,https://d32o58k1tm1erd.cloudfront.net/file_library/videos/vod_drm/4605117/1763466054_3861220580676810/video_ff550d80b7cb7f13_1763322335.mpd,https://d32o58k1tm1erd.cloudfront.net/file_library/videos/vod_drm_ios/4605117/1763466054_1356108463020232/video_ff550d80b7cb7f13_1763322335.m3u8,0,0,10,0,0,0,4605117_0_2296180723039608,4605117_1763466054_6058904572430507,0,0,0,1,0,VI1506G40,,0,2025-11-18 11:41:30,2025-12-03 09:45:00,
160,0943afb2-89ee-4fc6-8e56-49c3772ead82,e470dd7c-3589-4b90-806f-c3de603f2f74,5c60f46c-f785-4909-8311-b8e99bdcbfd0,0,59,nkkj,ukbnkj,,https://d32o58k1tm1erd.cloudfront.net/file_library/videos/vod_drm/4606907/1763625807_7281676691362357/video_96b75429041ec24a_1763625281.mpd,https://d32o58k1tm1erd.cloudfront.net/file_library/videos/vod_drm_ios/4606907/1763625807_1863743413749159/video_96b75429041ec24a_1763625281.m3u8,0,0,5,1,0,0,4606907_0_9319777958425368,4606907_1763625807_9738532006987714,0,0,0,1,0,VI1541ckJ,,0,2025-11-20 08:04:56,2025-12-03 06:36:00,
161,0943afb2-89ee-4fc6-8e56-49c3772ead82,515387a6-797e-44ab-ad66-16e1ce3f7394,5c60f46c-f785-4909-8311-b8e99bdcbfd0,0,59,hi,hgv,,https://d32o58k1tm1erd.cloudfront.net/file_library/videos/vod_drm/4606920/1763626137_9123211383835356/video_32c7105b98137578_1763625110.mpd,https://d32o58k1tm1erd.cloudfront.net/file_library/videos/vod_drm_ios/4606920/1763626137_6830377769722372/video_32c7105b98137578_1763625110.m3u8,0,0,0,0,0,0,4606920_0_9934321862905454,4606920_1763626137_8639763014027215,0,0,0,1,0,VI1540Em8,,0,2025-11-20 08:09:52,2025-11-20 08:09:52,
168,3f99e08c-b4c7-4487-9f9b-7547a01b26cd,83d076f5-e4cf-4a95-bd8a-3399cc8befe3,1294fc50-d1d5-4fb0-a72f-887bcb69192a,0,3,Test,,,https://d32o58k1tm1erd.cloudfront.net/file_library/videos/vod_drm/4611088/1764066098_7191679997459828/video_54ce003cee05c590_1764064316.mpd,https://d32o58k1tm1erd.cloudfront.net/file_library/videos/vod_drm_ios/4611088/1764066098_2130360472866512/video_54ce003cee05c590_1764064316.m3u8,0,0,0,0,0,0,4611088_0_6304731707377816,4611088_1764066098_3730115205318739,0,0,0,0,0,VI172791y,,0,2025-11-25 10:22:16,2025-11-25 10:22:16,
169,3f99e08c-b4c7-4487-9f9b-7547a01b26cd,a1ee4a27-b3c0-488d-ab9e-57d549c9d00b,1294fc50-d1d5-4fb0-a72f-887bcb69192a,0,33,25Test01,,,https://d32o58k1tm1erd.cloudfront.net/file_library/videos/vod_drm/4611089/1764066118_1828882911311525/video_a10c973fa12e54af_1764063504.mpd,https://d32o58k1tm1erd.cloudfront.net/file_library/videos/vod_drm_ios/4611089/1764066118_2481108595637189/video_a10c973fa12e54af_1764063504.m3u8,0,0,0,0,0,0,4611089_0_2404297824527417,4611089_1764066118_6044990592899365,0,0,0,0,0,VI17246Fu,,0,2025-11-25 10:22:40,2025-11-25 10:22:40,
170,3f99e08c-b4c7-4487-9f9b-7547a01b26cd,7739343a-69f1-4949-8164-75d150687224,1294fc50-d1d5-4fb0-a72f-887bcb69192a,0,33,25Test03,,,https://d32o58k1tm1erd.cloudfront.net/file_library/videos/vod_drm/4611087/1764066079_8071246085777245/video_a998468226fd89d3_1764063779.mpd,https://d32o58k1tm1erd.cloudfront.net/file_library/videos/vod_drm_ios/4611087/1764066079_4983285135642781/video_a998468226fd89d3_1764063779.m3u8,0,0,0,0,0,0,4611087_0_9844698006746590,4611087_1764066079_7613739689685376,0,0,0,0,0,VI1725SJ7,,0,2025-11-25 10:22:42,2025-11-25 10:22:42,
171,3f99e08c-b4c7-4487-9f9b-7547a01b26cd,39b503a0-0243-4597-b209-a17417ca5e62,1294fc50-d1d5-4fb0-a72f-887bcb69192a,0,33,25Test13,,,https://d32o58k1tm1erd.cloudfront.net/file_library/videos/vod_drm/4611090/1764066130_3652556065459020/video_383603225007ec91_1764059208.mpd,https://d32o58k1tm1erd.cloudfront.net/file_library/videos/vod_drm_ios/4611090/1764066130_7769146411958352/video_383603225007ec91_1764059208.m3u8,0,0,0,0,0,0,4611090_0_3126039069691615,4611090_1764066130_2470288672140612,0,0,0,0,0,VI1721RTo,,0,2025-11-25 10:23:36,2025-11-25 10:23:36,
172,3f99e08c-b4c7-4487-9f9b-7547a01b26cd,304377a8-4f36-4e0c-937b-4524c8b4eb0e,1294fc50-d1d5-4fb0-a72f-887bcb69192a,0,33,25Test11,,,https://d32o58k1tm1erd.cloudfront.net/file_library/videos/vod_drm/4611091/1764066143_4705185679680551/video_8c3fabc9632ea4ec_1764058431.mpd,https://d32o58k1tm1erd.cloudfront.net/file_library/videos/vod_drm_ios/4611091/1764066143_2029926061424093/video_8c3fabc9632ea4ec_1764058431.m3u8,0,0,0,0,0,0,4611091_0_5304946395625579,4611091_1764066143_9675982649139207,0,0,0,0,0,VI1720Ah9,,0,2025-11-25 10:23:36,2025-11-25 10:23:36,
173,3f99e08c-b4c7-4487-9f9b-7547a01b26cd,74cfd451-3395-493c-8852-310e6de60de7,1294fc50-d1d5-4fb0-a72f-887bcb69192a,0,33,25Test16,,,https://d32o58k1tm1erd.cloudfront.net/file_library/videos/vod_drm/4611093/1764066173_5531767328217048/video_d32c3c356b6b94ad_1764057526.mpd,https://d32o58k1tm1erd.cloudfront.net/file_library/videos/vod_drm_ios/4611093/1764066173_1498058171927426/video_d32c3c356b6b94ad_1764057526.m3u8,0,0,0,0,0,0,4611093_0_7845074172048547,4611093_1764066173_2394810440027057,0,0,0,0,0,VI1716uo8,2025-11-27 16:44:34,0,2025-11-25 10:23:37,2025-11-26 11:14:45,
174,3f99e08c-b4c7-4487-9f9b-7547a01b26cd,b59e70d6-16f2-4964-bf4d-ef05269f41e0,1294fc50-d1d5-4fb0-a72f-887bcb69192a,0,33,25Test11,,,https://d32o58k1tm1erd.cloudfront.net/file_library/videos/vod_drm/4611092/1764066156_4923569945423535/video_8c3de22771669575_1764058096.mpd,https://d32o58k1tm1erd.cloudfront.net/file_library/videos/vod_drm_ios/4611092/1764066156_5292629869509725/video_8c3de22771669575_1764058096.m3u8,0,0,0,0,0,0,4611092_0_1512450508488357,4611092_1764066156_4105040170887545,0,0,0,0,0,VI17199X4,,0,2025-11-25 10:23:38,2025-11-25 10:23:38,
183,e83bf001-e000-4788-90f5-02379d3af49d,c02802f7-92d9-4920-98c9-7d255300bd57,15ed4b04-ca95-4b0a-bf28-ab015c3f6677,0,60,test001,test,,https://d32o58k1tm1erd.cloudfront.net/file_library/videos/vod_drm/4611433/1764076599_8468795811776045/video_fae13fcee53d1dd5_1764076084.mpd,https://d32o58k1tm1erd.cloudfront.net/file_library/videos/vod_drm_ios/4611433/1764076599_8922072361225310/video_fae13fcee53d1dd5_1764076084.m3u8,0,0,0,0,0,0,4611433_0_7767671996728680,4611433_1764076599_8824168457387046,0,0,0,0,0,VI1749jcL,,0,2025-11-25 13:17:40,2025-11-25 13:17:40,
189,8a47cbf0-075f-4110-b116-1a40d2aff026,9c39f774-3117-40cc-97b5-ecddb597da07,6b15d853-53b1-4deb-9fd0-2fc42ceca9e3,0,59,testing,test,,https://d32o58k1tm1erd.cloudfront.net/file_library/videos/vod_drm/4612335/1764155849_4341797493865409/video_545ca09c03207e2b_1764155598.mpd,https://d32o58k1tm1erd.cloudfront.net/file_library/videos/vod_drm_ios/4612335/1764155849_4981113576881920/video_545ca09c03207e2b_1764155598.m3u8,0,0,15,1,0,0,4612335_0_8726600767639727,4612335_1764155849_4934699744838222,0,0,0,0,0,VI180693M,,0,2025-11-26 11:18:51,2025-12-04 11:35:00,
190,da1bf393-4d5e-4ec3-947d-be6adfc1c502,71f31864-65dc-42b7-aff1-35cf02b59be3,b43ba0c0-2f49-44e2-a859-e1a1dd872ce4,0,60,VDO25,,,https://d32o58k1tm1erd.cloudfront.net/file_library/videos/vod_drm/4612423/1764159994_3413947575761502/video_ee1a3ebc49718546_1764159274.mpd,https://d32o58k1tm1erd.cloudfront.net/file_library/videos/vod_drm_ios/4612423/1764159994_2158384499930780/video_ee1a3ebc49718546_1764159274.m3u8,0,0,0,0,0,0,4612423_0_5508973043316690,4612423_1764159994_7509535802517832,0,0,0,0,0,VI1810v31,,0,2025-11-26 12:28:05,2025-11-26 12:28:05,
198,bab54940-ea6b-418e-8957-a653b595f6bc,e383190d-4673-4f68-992f-4a9c78d8dc75,b391a00b-2c3a-45e6-8ae3-39e33b1f0353,0,60,VD030---scheduled,,,https://d32o58k1tm1erd.cloudfront.net/file_library/videos/vod_drm/4616054/1764573443_3712655628985413/video_23fbf947769cdb50_1764573228.mpd,https://d32o58k1tm1erd.cloudfront.net/file_library/videos/vod_drm_ios/4616054/1764573443_5950421847154584/video_23fbf947769cdb50_1764573228.m3u8,0,0,0,0,0,0,4616054_0_2833437287878384,4616054_1764573443_9895448402558381,0,0,0,0,0,VI1934YrY,2025-12-02 00:30:00,0,2025-12-01 07:18:44,2025-12-01 07:18:44,
204,3f0912e6-4857-4291-89a3-8754713d0cd2,e7bbe387-a596-40e7-a6d7-2f9654065575,9c298fce-09ba-412a-853b-755fb88220c7,0,3,1december01,,,https://d32o58k1tm1erd.cloudfront.net/file_library/videos/vod_drm/4616240/1764583653_4681586145057854/video_325681ee1211e46c_1764583438.mpd,https://d32o58k1tm1erd.cloudfront.net/file_library/videos/vod_drm_ios/4616240/1764583653_4597730462124098/video_325681ee1211e46c_1764583438.m3u8,0,0,13,0,0,0,4616240_0_1248493746865413,4616240_1764583653_4753407307266184,0,0,0,0,0,VI1953WNR,,0,2025-12-01 10:08:12,2025-12-04 11:28:00,
208,3f0912e6-4857-4291-89a3-8754713d0cd2,3df3320f-2caa-4147-a669-dab4132eb87d,9c298fce-09ba-412a-853b-755fb88220c7,0,14,1december111,,,https://d32o58k1tm1erd.cloudfront.net/file_library/videos/vod_drm/4616879/1764652063_5111990566072324/video_2beb8c1712acca10_1764589536.mpd,https://d32o58k1tm1erd.cloudfront.net/file_library/videos/vod_drm_ios/4616879/1764652063_1253964913754695/video_2beb8c1712acca10_1764589536.m3u8,0,0,2,0,0,0,4616879_0_9138772512261901,4616879_1764652063_6910215635880447,0,0,0,0,0,VI1974uE7,,0,2025-12-02 05:08:27,2025-12-04 11:34:00,
212,bab54940-ea6b-418e-8957-a653b595f6bc,3d871da5-6bc7-4a13-a742-8ba05e4f7747,b391a00b-2c3a-45e6-8ae3-39e33b1f0353,0,60,VD043,,,https://d32o58k1tm1erd.cloudfront.net/file_library/videos/vod_drm/4616929/1764654046_2494176231245428/video_0c7802f475dbd74a_1764653818.mpd,https://d32o58k1tm1erd.cloudfront.net/file_library/videos/vod_drm_ios/4616929/1764654046_5225305100051509/video_0c7802f475dbd74a_1764653818.m3u8,0,0,2,0,0,0,4616929_0_6958518178293453,4616929_1764654046_9299517308644669,0,0,0,0,0,VI1978XIr,,0,2025-12-02 05:41:38,2025-12-02 07:03:00,
213,6073b8d5-a550-4505-8b70-e78232d405d6,b2430744-d9d8-4ba2-9688-109e8322b735,5f5e9589-dabc-476d-8660-6e40379ad05a,0,263,Band Music ,Band Music ,,https://d32o58k1tm1erd.cloudfront.net/file_library/videos/vod_drm/4617061/1764659770_1289871358187626/video_8944e4a0dda96b71_1764659001.mpd,https://d32o58k1tm1erd.cloudfront.net/file_library/videos/vod_drm_ios/4617061/1764659770_8424110745439976/video_8944e4a0dda96b71_1764659001.m3u8,0,0,7,0,0,0,4617061_0_6487023284051923,4617061_1764659770_6922186597515988,0,0,0,0,0,VI19795s0,,0,2025-12-02 07:19:59,2025-12-04 12:24:00,
214,6073b8d5-a550-4505-8b70-e78232d405d6,2785f00a-f747-41e5-a60c-e4a4ca4894b5,5f5e9589-dabc-476d-8660-6e40379ad05a,0,206,Chanakya,Chanakya by Rishab Sharma,,https://d32o58k1tm1erd.cloudfront.net/file_library/videos/vod_drm/4617604/1764682669_3494572817762930/video_dc484495d8fa6266_1764682128.mpd,https://d32o58k1tm1erd.cloudfront.net/file_library/videos/vod_drm_ios/4617604/1764682669_2429362943953862/video_dc484495d8fa6266_1764682128.m3u8,0,0,2,0,0,0,4617604_0_1972289121491120,4617604_1764682669_4009749702876212,0,0,0,0,0,VI1982XKj,,0,2025-12-02 13:40:43,2025-12-03 12:29:00,
215,6073b8d5-a550-4505-8b70-e78232d405d6,377b1eb6-9c17-4eb1-923f-34b1f4457a30,5f5e9589-dabc-476d-8660-6e40379ad05a,0,555,Zakir Meets Berklee,Zakir Meets Berklee,,https://d32o58k1tm1erd.cloudfront.net/file_library/videos/vod_drm/4617602/1764682561_3606507409240936/video_2b91da45b8ad545b_1764682012.mpd,https://d32o58k1tm1erd.cloudfront.net/file_library/videos/vod_drm_ios/4617602/1764682561_1325922222354126/video_2b91da45b8ad545b_1764682012.m3u8,0,0,12,0,0,0,4617602_0_1204995048136423,4617602_1764682561_9160620406096963,0,0,0,0,0,VI1981r8O,,0,2025-12-02 13:42:34,2025-12-04 07:00:00,
216,6073b8d5-a550-4505-8b70-e78232d405d6,f7d12570-4354-4daa-9315-2723669a365a,5f5e9589-dabc-476d-8660-6e40379ad05a,0,217,Swalla Classical Fusion Dance,Swalla Classical Fusion Dance,,https://d32o58k1tm1erd.cloudfront.net/file_library/videos/vod_drm/4617610/1764682797_2149342203166890/video_1c2de88800f549f4_1764682223.mpd,https://d32o58k1tm1erd.cloudfront.net/file_library/videos/vod_drm_ios/4617610/1764682797_8571408759467068/video_1c2de88800f549f4_1764682223.m3u8,0,0,14,0,0,0,4617610_0_1330633799920419,4617610_1764682797_3421697410922518,0,0,0,0,0,VI19838DH,,0,2025-12-02 13:42:53,2025-12-04 11:28:00,
217,6073b8d5-a550-4505-8b70-e78232d405d6,b59458b8-9940-4328-8fbd-73927b6c6c07,5f5e9589-dabc-476d-8660-6e40379ad05a,0,249,Fusion Annual Show,Fusion Annual Show,,https://d32o58k1tm1erd.cloudfront.net/file_library/videos/vod_drm/4617608/1764682767_2147009790019619/video_829274d2e5e33b44_1764682304.mpd,https://d32o58k1tm1erd.cloudfront.net/file_library/videos/vod_drm_ios/4617608/1764682767_5959408586475236/video_829274d2e5e33b44_1764682304.m3u8,0,0,20,0,0,0,4617608_0_5608062216055622,4617608_1764682767_7121361141077397,0,0,0,0,0,VI1984q2j,,0,2025-12-02 13:43:16,2025-12-04 06:54:00,
218,3e10f231-7f16-4831-b91a-bb1099863196,9bff4b11-0b55-4016-8fbc-39cad2023670,0db13bf8-9f3f-4951-8b80-370fb6cf773a,5,24,Test Video 03 December,Test Video 03 December Description,,https://d32o58k1tm1erd.cloudfront.net/file_library/videos/vod_drm/4618571/1764767865_6382040118730975/video_f7314815eee5c06d_1764766932.mpd,https://d32o58k1tm1erd.cloudfront.net/file_library/videos/vod_drm_ios/4618571/1764767865_6231440022171443/video_f7314815eee5c06d_1764766932.m3u8,0,0,9,0,0,0,4618571_0_3424083375466094,4618571_1764767865_3386368062536191,0,0,0,0,0,VI1994TDa,2025-12-03 18:30:00,0,2025-12-03 13:18:38,2025-12-04 10:50:00,
219,3e10f231-7f16-4831-b91a-bb1099863196,2c8f5323-ecc8-440d-a40b-877655af0e5b,0db13bf8-9f3f-4951-8b80-370fb6cf773a,0,24,Test Schedule 5 December,Test Schedule 5 December,,https://d32o58k1tm1erd.cloudfront.net/file_library/videos/vod_drm/4619496/1764854349_2507997545767203/video_a6333bde01557f79_1764841946.mpd,https://d32o58k1tm1erd.cloudfront.net/file_library/videos/vod_drm_ios/4619496/1764854349_9652043205866393/video_a6333bde01557f79_1764841946.m3u8,0,0,0,0,0,0,4619496_0_9409102744564259,4619496_1764854349_2950740095580181,0,0,0,0,0,VI200037J,2025-12-05 06:30:00,0,2025-12-04 13:20:30,2025-12-04 13:20:30,
