Type,ID,Name,Display Name,Workspace,Duration,Create Date,Account
Media Asset,3697626,9ee4e347-430a-4324-a191-c72cc289ce1d.mp4,9ee4e347-430a-4324-a191-c72cc289ce1d.mp4,PB-Archives-A,3511960000,2025-10-31T10:56:21Z,208
Media Asset,3697155,/FINAL CAPSULE SPML 2025.wav,/FINAL CAPSULE SPML 2025.wav,PB-Archives-A,,2025-10-31T11:14:12Z,208
Media Asset,3694871,RauliMandiriEp1,RauliMandiriEp1,DD Mumbai,1582880000,2025-10-31T12:59:55Z,208
Media Asset,3694870,SasuralJhunkiKa_Ep111,SasuralJhunkiKa_Ep111,DD Mumbai,1343000000,2025-10-31T12:33:21Z,208
Media Asset,3694858,FINAL CAPSULE SPML 2025,FINAL CAPSULE SPML 2025,PB-Archives-A,3511960295,2025-10-31T10:53:32Z,208
Media Asset,3694819,SasuralJhunkiKa_Ep109,SasuralJhunkiKa_Ep109,DD Mumbai,1350000000,2025-10-31T07:13:42Z,208
Media Asset,3693639,Shakthi E179,Shakthi E179,DD Podhigai (Chennai),1429013333,2025-10-31T09:25:37Z,208
Media Asset,3693638,Shakthi E178,Shakthi E178,DD Podhigai (Chennai),1451498667,2025-10-31T09:18:30Z,208
Media Asset,3693636,SasuralJhunkiKa_Ep110,SasuralJhunkiKa_Ep110,DD Mumbai,1350000000,2025-10-31T08:57:29Z,208
Media Asset,3693612,KBR_EP_104_S2_MIX_MASTER OTT,KBR_EP_104_S2_MIX_MASTER OTT,Sagar World,1551000000,2025-10-31T06:21:33Z,208
Media Asset,3693611,KBR_EP_103_S2_MIX_MASTER OTT,KBR_EP_103_S2_MIX_MASTER OTT,Sagar World,1464000000,2025-10-31T06:20:33Z,208
Media Asset,3693610,KBR_EP_102_S2_MIX_MASTER OTT,KBR_EP_102_S2_MIX_MASTER OTT,Sagar World,1550000000,2025-10-31T06:19:33Z,208
Media Asset,3693609,KBR_EP_101_S2_MIX_MASTER OTT,KBR_EP_101_S2_MIX_MASTER OTT,Sagar World,1504000000,2025-10-31T06:18:33Z,208
Media Asset,3691143,3010 DECODE SOCIAL FULL WAVES,3010 DECODE SOCIAL FULL WAVES,Decode,3178880000,2025-10-31T05:08:20Z,208
Media Asset,3691089,Episode-74 Purana Dost Part 02,Episode-74 Purana Dost Part 02,DD National,1626720000,2025-10-30T10:32:52Z,208
Media Asset,3691088,Episode-73 Purana Dost Part 01,Episode-73 Purana Dost Part 01,DD National,1498800000,2025-10-30T10:30:47Z,208
Media Asset,3691087,Episode-72 Screen Short Part 02,Episode-72 Screen Short Part 02,DD National,1528760000,2025-10-30T10:29:44Z,208
Media Asset,3691086,Episode-71 Screen Short Part 01,Episode-71 Screen Short Part 01,DD National,1469280000,2025-10-30T10:28:41Z,208
Media Asset,3691085,Episode-70 Data Scraping Part 02,Episode-70 Data Scraping Part 02,DD National,1497280000,2025-10-30T10:27:38Z,208
Media Asset,3691084,Episode-69 Data Scraping Part 01,Episode-69 Data Scraping Part 01,DD National,1648880000,2025-10-30T10:26:35Z,208
Media Asset,3691083,Episode-68 PENDRIVE TO FAKE WIFI PART-2,Episode-68 PENDRIVE TO FAKE WIFI PART-2,DD National,1612160000,2025-10-30T10:24:29Z,208
Media Asset,3691082,Episode-67 PENDRIVE TO FAKE WIFI PART-1,Episode-67 PENDRIVE TO FAKE WIFI PART-1,DD National,1653800000,2025-10-30T10:23:27Z,208
Media Asset,3691081,SasuralJhunkiKa_Ep107,SasuralJhunkiKa_Ep107,DD Mumbai,1380000000,2025-10-30T09:52:40Z,208
Media Asset,3689996,SasuralJhunkiKa_Ep108,SasuralJhunkiKa_Ep108,DD Mumbai,1346000000,2025-10-30T11:07:53Z,208
Media Asset,3685676,Episode-66 BREAK UP PART - 2,Episode-66 BREAK UP PART - 2,DD National,1695320000,2025-10-30T05:12:36Z,208
Media Asset,3685675,Episode-65 BREAK UP PART - 1,Episode-65 BREAK UP PART - 1,DD National,1612280000,2025-10-30T05:10:31Z,208
Media Asset,3685674,Episode-64 VIDEO CALL PART - 2,Episode-64 VIDEO CALL PART - 2,DD National,1373720000,2025-10-30T05:09:28Z,208
Media Asset,3685671,Episode-63 VIDEO CALL PART - 1,Episode-63 VIDEO CALL PART - 1,DD National,1539160000,2025-10-30T05:07:23Z,208
Media Asset,3685669,Episode-62 DEBIT CARD  PART -2,Episode-62 DEBIT CARD  PART -2,DD National,1560640000,2025-10-30T05:06:20Z,208
Media Asset,3685668,Episode-61 DEBIT CARD  PART -1,Episode-61 DEBIT CARD  PART -1,DD National,1440200000,2025-10-30T05:03:11Z,208
Media Asset,3685667,2910 DECODE SOCIAL FULL WAVES,2910 DECODE SOCIAL FULL WAVES,Decode,3329880000,2025-10-30T04:39:22Z,208
Media Asset,3685666,DoosariBaju_RamdasPadhyeRev,DoosariBaju_RamdasPadhyeRev,DD Mumbai,3237640000,2025-10-29T13:03:37Z,208
Media Asset,3685635,FAUJI02_EP_142_MASTER OTT,FAUJI02_EP_142_MASTER OTT,Fauji2.0,1307000000,2025-10-29T09:27:03Z,208
Media Asset,3685624,Shakthi E177,Shakthi E177,DD Podhigai (Chennai),1457962667,2025-10-29T07:28:37Z,208
Media Asset,3685623,Shakthi E176,Shakthi E176,DD Podhigai (Chennai),1388202667,2025-10-29T07:20:14Z,208
Media Asset,3685621,Episode-60 5CORPORATE POLITICS-PART -2,Episode-60 5CORPORATE POLITICS-PART -2,DD National,1747160000,2025-10-29T07:13:35Z,208
Media Asset,3685619,Shakthi E175,Shakthi E175,DD Podhigai (Chennai),1419200000,2025-10-29T07:11:46Z,208
Media Asset,3685618,Episode-59 5CORPORATE POLITICS-PART -1,Episode-59 5CORPORATE POLITICS-PART -1,DD National,1479240000,2025-10-29T07:11:25Z,208
Media Asset,3685617,SasuralJhunkiKa_Ep105,SasuralJhunkiKa_Ep105,DD Mumbai,1383000000,2025-10-29T07:10:47Z,208
Media Asset,3685616,Episode-58 CAFE DATE PART-2,Episode-58 CAFE DATE PART-2,DD National,1605360000,2025-10-29T07:10:20Z,208
Media Asset,3685615,Episode-57 CAFE DATE PART-1,Episode-57 CAFE DATE PART-1,DD National,1552720000,2025-10-29T07:08:17Z,208
Media Asset,3685614,Episode-56 WEB MEETING PART-2,Episode-56 WEB MEETING PART-2,DD National,1439800000,2025-10-29T07:07:11Z,208
Media Asset,3685613,Shakthi E174,Shakthi E174,DD Podhigai (Chennai),1414400000,2025-10-29T07:06:44Z,208
Media Asset,3685612,Episode-55 WEB MEETING PART-1,Episode-55 WEB MEETING PART-1,DD National,1547800000,2025-10-29T07:06:09Z,208
Media Asset,3685611,Episode-54 THE FOLLOWER_PART-2,Episode-54 THE FOLLOWER_PART-2,DD National,1758200000,2025-10-29T07:05:04Z,208
Media Asset,3685608,Episode-53 THE FOLLOWER P-1,Episode-53 THE FOLLOWER P-1,DD National,1761320000,2025-10-29T07:02:58Z,208
Media Asset,3685607,Episode-52 CREDIT CARD P-II,Episode-52 CREDIT CARD P-II,DD National,1669840000,2025-10-29T06:59:49Z,208
Media Asset,3685605,SasuralJhunkiKa_Ep104,SasuralJhunkiKa_Ep104,DD Mumbai,1349000000,2025-10-29T06:44:07Z,208
Media Asset,3683357,ZWR_S1_EP7 OTT,ZWR_S1_EP7 OTT,Zindagi Live,1068067000,2025-10-29T09:31:34Z,208
Media Asset,3683353,FAUJI02_EP_144_MASTER OTT,FAUJI02_EP_144_MASTER OTT,Fauji2.0,1317000000,2025-10-29T09:29:01Z,208
Media Asset,3683352,FAUJI02_EP_145_MASTER OTT,FAUJI02_EP_145_MASTER OTT,Fauji2.0,1324000000,2025-10-29T09:29:01Z,208
Media Asset,3683351,FAUJI02_EP_143_MASTER OTT,FAUJI02_EP_143_MASTER OTT,Fauji2.0,1354000000,2025-10-29T09:28:01Z,208
Media Asset,3683344,FAUJI02_EP_141_MASTER OTT,FAUJI02_EP_141_MASTER OTT,Fauji2.0,1315000000,2025-10-29T09:27:01Z,208
Media Asset,3683322,SasuralJhunkiKa_Ep106,SasuralJhunkiKa_Ep106,DD Mumbai,1372000000,2025-10-29T09:04:42Z,208
Media Asset,3683317,Angel Has FalleN_Hindi,Angel Has FalleN_Hindi,Lions Gate,129265488,2025-10-29T07:48:53Z,208
Media Asset,3683303,2810 DECODE SOCIAL FULL WAVES,2810 DECODE SOCIAL FULL WAVES,Decode,3322160000,2025-10-29T04:52:21Z,208
Media Asset,3683288,Monster Hunt 2 Hindi,Monster Hunt 2 Hindi,Lions Gate,29416000,2025-10-28T12:42:51Z,208
Media Asset,3682235,EP 145 Birla Temple Delhi,EP 145 Birla Temple Delhi,Yatra,1298069333,2025-10-29T05:47:40Z,208
Media Asset,3682234,EP 143 Hatkoti Himachal,EP 143 Hatkoti Himachal,Yatra,1335786667,2025-10-29T05:46:39Z,208
Media Asset,3682233,EP 142 Shiva Temple Mauritius,EP 142 Shiva Temple Mauritius,Yatra,1195157333,2025-10-29T05:45:37Z,208
Media Asset,3682232,EP 134 Gayatri Mata Temple Manali,EP 134 Gayatri Mata Temple Manali,Yatra,1313024000,2025-10-29T05:45:37Z,208
Media Asset,3682231,EP 141 Shree Hanuman Jakhu Temple Shimla,EP 141 Shree Hanuman Jakhu Temple Shimla,Yatra,1266666667,2025-10-29T05:45:37Z,208
Media Asset,3682230,EP 70 Kunkeshwar Shiv Temple,EP 70 Kunkeshwar Shiv Temple,Yatra,1289194667,2025-10-29T05:45:36Z,208
Media Asset,3682229,EP 140 Sankat Mochan Temple Shimla,EP 140 Sankat Mochan Temple Shimla,Yatra,1223274667,2025-10-29T05:45:36Z,208
Media Asset,3682228,EP 133 Gurudwara Manikaran Sahib,EP 133 Gurudwara Manikaran Sahib,Yatra,1232192000,2025-10-29T05:45:36Z,208
Media Asset,3682227,EP 68 Battisputali Temple and Budhanilkantha Temple Kathmandu,EP 68 Battisputali Temple and Budhanilkantha Temple Kathmandu,Yatra,1293525333,2025-10-29T05:45:36Z,208
Media Asset,3682226,"EP 80 Shree Shantadurga Mandir, Kavalem Goa","EP 80 Shree Shantadurga Mandir, Kavalem Goa",Yatra,1269791667,2025-10-29T05:45:36Z,208
Media Asset,3682225,EP 128 Shri Guru Gobind Singh Ji,EP 128 Shri Guru Gobind Singh Ji,Yatra,1213738667,2025-10-29T05:45:36Z,208
Media Asset,3682224,EP 94 Ernakulam Temples (Kerala),EP 94 Ernakulam Temples (Kerala),Yatra,1272874667,2025-10-29T05:45:36Z,208
Media Asset,3682223,EP 102 Chandi Mandir Chandigarh,EP 102 Chandi Mandir Chandigarh,Yatra,1294656000,2025-10-29T05:44:35Z,208
Media Asset,3682222,Angel Has Fallen Hindi,Angel Has Fallen Hindi,Lions Gate,131920000,2025-10-28T12:32:48Z,208
Media Asset,3682188,SasuralJhunkiKa_Ep103,SasuralJhunkiKa_Ep103,DD Mumbai,1354000000,2025-10-28T10:26:02Z,208
Media Asset,3678515,2710 DECODE SOCIAL FULL WAVES,2710 DECODE SOCIAL FULL WAVES,Decode,3322480000,2025-10-28T07:13:10Z,208
Media Asset,3678500,SasuralJhunkiKa_Ep102,SasuralJhunkiKa_Ep102,DD Mumbai,1371000000,2025-10-28T06:46:43Z,208
Media Asset,3678482,Episode-51 CREDIT CARD P-I,Episode-51 CREDIT CARD P-I,DD National,1495760000,2025-10-28T05:29:46Z,208
Media Asset,3678481,Episode-50 CASH BACK P-II,Episode-50 CASH BACK P-II,DD National,1441880000,2025-10-28T05:28:43Z,208
Media Asset,3678480,Episode-49 CASH BACK P-I,Episode-49 CASH BACK P-I,DD National,1490960000,2025-10-28T05:27:40Z,208
Media Asset,3678479,Episode-48 PROBABILITY P-II,Episode-48 PROBABILITY P-II,DD National,1607840000,2025-10-28T05:25:34Z,208
Media Asset,3678478,Episode-47 PROBABILITY P-I,Episode-47 PROBABILITY P-I,DD National,1660560000,2025-10-28T05:24:31Z,208
Media Asset,3678477,MANN_KI_BAAT_27102025,MANN_KI_BAAT_27102025,DD News,1873960000,2025-10-28T05:21:29Z,208
Media Asset,3678476,MIL GAYI MANZIL MUJHEY EP-38,MIL GAYI MANZIL MUJHEY EP-38,DD Kisan,1422600000,2025-10-28T05:03:39Z,208
Media Asset,3678475,MIL GAYI MANZIL MUJHEY EP-37,MIL GAYI MANZIL MUJHEY EP-37,DD Kisan,1500480000,2025-10-28T04:46:43Z,208
Media Asset,3678474,MIL GAYI MANZIL MUJHEY EP-36,MIL GAYI MANZIL MUJHEY EP-36,DD Kisan,1464200000,2025-10-28T04:45:30Z,208
Media Asset,3678473,MIL GAYI MANZIL MUJHEY  EP-34,MIL GAYI MANZIL MUJHEY  EP-34,DD Kisan,1481000000,2025-10-28T04:43:32Z,208
Media Asset,3678472,MIL GAYI MANZIL MUJHEY EP-33,MIL GAYI MANZIL MUJHEY EP-33,DD Kisan,1478920000,2025-10-28T04:36:31Z,208
Media Asset,3678471,RAJNI_2 Ep -01,RAJNI_2 Ep -01,Lord Shiva Communications,1553160000,2025-10-27T11:01:02Z,208
Media Asset,3678470,SasuralJhunkiKa_Ep101,SasuralJhunkiKa_Ep101,DD Mumbai,1339000000,2025-10-27T10:59:53Z,208
Media Asset,3678444,SHAKTHI E173,SHAKTHI E173,DD Podhigai (Chennai),1433240000,2025-10-27T09:21:56Z,208
Media Asset,3678442,SHAKTHI E172,SHAKTHI E172,DD Podhigai (Chennai),1430880000,2025-10-27T09:14:55Z,208
Media Asset,3678440,SHAKTHI E171,SHAKTHI E171,DD Podhigai (Chennai),1433800000,2025-10-27T09:08:10Z,208
Media Asset,3678439,SasuralJhunkiKa_Ep100,SasuralJhunkiKa_Ep100,DD Mumbai,1380000000,2025-10-27T08:09:29Z,208
Media Asset,3678344,RAJNI_2 Ep-07,RAJNI_2 Ep-07,Lord Shiva Communications,1515840000,2025-10-27T11:07:04Z,208
Media Asset,3678343,RAJNI_2 Ep-06,RAJNI_2 Ep-06,Lord Shiva Communications,1536680000,2025-10-27T11:06:03Z,208
Media Asset,3678342,RAJNI_2 Ep-05,RAJNI_2 Ep-05,Lord Shiva Communications,1489880000,2025-10-27T11:05:04Z,208
Media Asset,3678341,RAJNI_2 Ep-04,RAJNI_2 Ep-04,Lord Shiva Communications,1479280000,2025-10-27T11:04:03Z,208
Media Asset,3678340,RAJNI_2 Ep-03,RAJNI_2 Ep-03,Lord Shiva Communications,1531120000,2025-10-27T11:03:03Z,208
Media Asset,3678339,RAJNI_2 Ep-02,RAJNI_2 Ep-02,Lord Shiva Communications,1577000000,2025-10-27T11:02:02Z,208
Media Asset,3676074,2610 SPL REKHA GUPTA DECODE SOCIAL FULL WAVES,2610 SPL REKHA GUPTA DECODE SOCIAL FULL WAVES,Decode,2696000000,2025-10-27T04:50:04Z,208
Media Asset,3676072,2510 DECODE SAT WEEKEND SOCIAL,2510 DECODE SAT WEEKEND SOCIAL,Decode,3510040000,2025-10-27T04:42:03Z,208
Media Asset,3676064,MIL GAYI MANZIL MUJHEY EP-52,MIL GAYI MANZIL MUJHEY EP-52,DD Kisan,1450600000,2025-10-25T07:35:50Z,208
Media Asset,3676063,MIL GAYI MANZIL MUJHEY EP-35,MIL GAYI MANZIL MUJHEY EP-35,DD Kisan,1489120000,2025-10-25T07:34:55Z,208
Media Asset,3676062,MIL GAYI MANZIL MUJHEY EP-32,MIL GAYI MANZIL MUJHEY EP-32,DD Kisan,1437800000,2025-10-25T07:33:58Z,208
Media Asset,3676061,MIL GAYI MANZIL MUJHEY EP-31,MIL GAYI MANZIL MUJHEY EP-31,DD Kisan,1470920000,2025-10-25T07:32:57Z,208
Media Asset,3676060,MIL GAYI MANZIL MUJHEY EP-30,MIL GAYI MANZIL MUJHEY EP-30,DD Kisan,1537720000,2025-10-25T07:31:50Z,208
Media Asset,3676059,MIL GAYI MANZIL MUJHEY EP-29,MIL GAYI MANZIL MUJHEY EP-29,DD Kisan,1484080000,2025-10-25T07:08:36Z,208
Media Asset,3674258,2410 DECODE SOCIAL FULL WAVES,2410 DECODE SOCIAL FULL WAVES,Decode,3409880000,2025-10-27T06:27:30Z,208
Media Asset,3674249,MKB 26 OCT 2025,MKB 26 OCT 2025,DD News,1873960000,2025-10-27T05:45:56Z,208
Media Asset,3671891,EP 144 Ballaleshwar Temple,EP 144 Ballaleshwar Temple,Yatra,1129109333,2025-10-24T10:01:22Z,208
Media Asset,3671882,EP 120 Bhagsunath Temple,EP 120 Bhagsunath Temple,Yatra,1316821333,2025-10-24T09:51:40Z,208
Media Asset,3671881,EP 110 Ayyappaswami (Sabarimala) Temple,EP 110 Ayyappaswami (Sabarimala) Temple,Yatra,1204416000,2025-10-24T09:51:40Z,208
Media Asset,3671872,EP 109 Akshardham Temple,EP 109 Akshardham Temple,Yatra,1246250667,2025-10-24T09:50:50Z,208
Media Asset,3671871,EP 115 Karni Mata Temple,EP 115 Karni Mata Temple,Yatra,1247957333,2025-10-24T09:50:09Z,208
Media Asset,3671870,EP 111 Attukal Temple,EP 111 Attukal Temple,Yatra,1197781333,2025-10-24T09:48:19Z,208
Media Asset,3671869,EP 107 Kopineshwar Temple,EP 107 Kopineshwar Temple,Yatra,1244458667,2025-10-24T09:47:49Z,208
Media Asset,3671868,EP 106 Mayureshwar Temple,EP 106 Mayureshwar Temple,Yatra,1260501333,2025-10-24T09:47:49Z,208
Media Asset,3671867,EP 113 Morjai Devi Temple,EP 113 Morjai Devi Temple,Yatra,1199360000,2025-10-24T09:47:39Z,208
Media Asset,3671865,EP 77 Devi Rajrajeshwari Temple,EP 77 Devi Rajrajeshwari Temple,Yatra,1277205333,2025-10-24T09:36:30Z,208
Media Asset,3671864,EP 76 Shri Subramaniam (Murugan) Temple,EP 76 Shri Subramaniam (Murugan) Temple,Yatra,1274240000,2025-10-24T09:36:30Z,208
Media Asset,3671863,EP 81 Devi Mahalaxmi Temple,EP 81 Devi Mahalaxmi Temple,Yatra,1274282667,2025-10-24T09:36:30Z,208
Media Asset,3671862,EP 72 Shri Tulja Bhavani Temple,EP 72 Shri Tulja Bhavani Temple,Yatra,1274858667,2025-10-24T09:35:30Z,208
Media Asset,3671861,EP 65 Vighneshwar Ashtavinayak Temple,EP 65 Vighneshwar Ashtavinayak Temple,Yatra,1274944000,2025-10-24T09:35:30Z,208
Media Asset,3671860,EP 75 Mangaladevi & Ganeshji Temple,EP 75 Mangaladevi & Ganeshji Temple,Yatra,1292949333,2025-10-24T09:35:30Z,208
Media Asset,3671859,EP 74 Dharmasthala Temple,EP 74 Dharmasthala Temple,Yatra,1280362667,2025-10-24T09:35:30Z,208
Media Asset,3671858,EP 73 Mangaladevi Temple,EP 73 Mangaladevi Temple,Yatra,1288576000,2025-10-24T09:35:30Z,208
Media Asset,3671857,EP 66 Siddhatek Ashtavinayak Temple,EP 66 Siddhatek Ashtavinayak Temple,Yatra,1265536000,2025-10-24T09:35:30Z,208
Media Asset,3671855,EP 69 Vithoba Temple,EP 69 Vithoba Temple,Yatra,1280448000,2025-10-24T09:35:30Z,208
Media Asset,3671618,EP 137 Ekadash Rudra Temple,EP 137 Ekadash Rudra Temple,Yatra,1256149333,2025-10-24T10:01:03Z,208
Media Asset,3671615,EP 130 Ajmer Sharif Dargah,EP 130 Ajmer Sharif Dargah,Yatra,1169984000,2025-10-24T09:58:51Z,208
Media Asset,3671614,EP 126 Harihareshwar Temple,EP 126 Harihareshwar Temple,Yatra,1317205333,2025-10-24T09:58:22Z,208
Media Asset,3671613,EP 132 Ambikeshwar and Jagat Shiromani Temples,EP 132 Ambikeshwar and Jagat Shiromani Temples,Yatra,1314730667,2025-10-24T09:57:32Z,208
Media Asset,3671612,EP 135 Sree Basheswar Mahadev Temple,EP 135 Sree Basheswar Mahadev Temple,Yatra,1223530667,2025-10-24T09:57:32Z,208
Media Asset,3671611,EP 131 Ram Mandir Manikaran,EP 131 Ram Mandir Manikaran,Yatra,1284330667,2025-10-24T09:57:21Z,208
Media Asset,3671610,EP 125 Kailash Mansarovar,EP 125 Kailash Mansarovar,Yatra,1190122667,2025-10-24T09:56:22Z,208
Media Asset,3671609,EP 136 Khole Ke Hanuman Ji and Ganesh Temple,EP 136 Khole Ke Hanuman Ji and Ganesh Temple,Yatra,1122986667,2025-10-24T09:56:22Z,208
Media Asset,3671608,EP 121 Chaurasi Temple,EP 121 Chaurasi Temple,Yatra,1285738667,2025-10-24T09:56:10Z,208
Media Asset,3671607,EP 117 Laxmi Narayan Temple,EP 117 Laxmi Narayan Temple,Yatra,1258730667,2025-10-24T09:55:40Z,208
Media Asset,3671598,EP 119 Baijnath Temple,EP 119 Baijnath Temple,Yatra,1272533333,2025-10-24T09:54:31Z,208
Media Asset,3671597,EP 118 Devi Champavati Temple,EP 118 Devi Champavati Temple,Yatra,1213034667,2025-10-24T09:53:30Z,208
Media Asset,3671596,EP 124 Yamai and Sidheshwar Temples,EP 124 Yamai and Sidheshwar Temples,Yatra,1204202667,2025-10-24T09:52:50Z,208
Media Asset,3671594,EP 122 Mcleodganj Thirth,EP 122 Mcleodganj Thirth,Yatra,1206698667,2025-10-24T09:52:30Z,208
Media Asset,3671593,EP 116 Kolayat Temples,EP 116 Kolayat Temples,Yatra,1253290667,2025-10-24T09:51:59Z,208
Media Asset,3671585,EP 112 Chamunda Devi Temple,EP 112 Chamunda Devi Temple,Yatra,1256405333,2025-10-24T09:46:49Z,208
Media Asset,3671584,EP 114 Ganesha Temple,EP 114 Ganesha Temple,Yatra,1265024000,2025-10-24T09:46:49Z,208
Media Asset,3671574,EP 105 Chhatarpur Temple,EP 105 Chhatarpur Temple,Yatra,1289621333,2025-10-24T09:45:59Z,208
Media Asset,3671573,EP 104 Sitladevi Temple,EP 104 Sitladevi Temple,Yatra,1311573333,2025-10-24T09:45:48Z,208
Media Asset,3671570,EP 98 Hazur Sahib,EP 98 Hazur Sahib,Yatra,1274410667,2025-10-24T09:43:08Z,208
Media Asset,3671569,EP 96 Hastinapur,EP 96 Hastinapur,Yatra,1332778667,2025-10-24T09:42:58Z,208
Media Asset,3671568,EP 103 Sannihit Sarovar,EP 103 Sannihit Sarovar,Yatra,1217450667,2025-10-24T09:42:58Z,208
Media Asset,3671567,EP 93 Kaladi,EP 93 Kaladi,Yatra,1283328000,2025-10-24T09:42:47Z,208
Media Asset,3671566,EP 86 Sacred Tadkeshwar Mahadev Temple and Siddhabali Hanuman Ji Temple,EP 86 Sacred Tadkeshwar Mahadev Temple and Siddhabali Hanuman Ji Temple,Yatra,1295616000,2025-10-24T09:41:47Z,208
Media Asset,3671565,EP 90 Khandoba Temple,EP 90 Khandoba Temple,Yatra,1279232000,2025-10-24T09:41:47Z,208
Media Asset,3671564,EP 85 Dwarka Harsiddhi Mata Temple,EP 85 Dwarka Harsiddhi Mata Temple,Yatra,1247445333,2025-10-24T09:41:37Z,208
Media Asset,3671563,EP 84 Nageshwar Temple,EP 84 Nageshwar Temple,Yatra,1253696000,2025-10-24T09:41:27Z,208
Media Asset,3671562,EP 92 Murudeshwar Temple,EP 92 Murudeshwar Temple,Yatra,1298986667,2025-10-24T09:41:17Z,208
Media Asset,3668652,2f9a9f7f-0d53-4f37-9a7c-b34cda81036d.mp4,2f9a9f7f-0d53-4f37-9a7c-b34cda81036d.mp4,PB-Archives-A,1090795011,2025-10-23T09:16:24Z,208
Media Asset,3668651,b15ce097-d238-4ed9-8b89-8bf886de6ae2.mp4,b15ce097-d238-4ed9-8b89-8bf886de6ae2.mp4,PB-Archives-A,1206072993,2025-10-23T09:16:12Z,208
Media Asset,3668650,4f78d260-0d7e-4447-a7fc-6b8dddf3a7d9.mp4,4f78d260-0d7e-4447-a7fc-6b8dddf3a7d9.mp4,PB-Archives-A,925518005,2025-10-23T09:16:01Z,208
Media Asset,3668649,1152e20b-b871-473b-a450-ee89d3a5f811.mp4,1152e20b-b871-473b-a450-ee89d3a5f811.mp4,PB-Archives-A,1050792336,2025-10-23T09:15:49Z,208
Media Asset,3668648,1f418b08-5392-4dbe-a9b7-a7812c918c13.mp4,1f418b08-5392-4dbe-a9b7-a7812c918c13.mp4,PB-Archives-A,917887710,2025-10-23T09:15:43Z,208
Media Asset,3668647,c77e0b5c-febf-4647-b04a-0f7f4b557d24.mp4,c77e0b5c-febf-4647-b04a-0f7f4b557d24.mp4,PB-Archives-A,767714694,2025-10-23T09:15:38Z,208
Media Asset,3668646,b64172d8-16f1-488c-a246-51270dee3b77.mp4,b64172d8-16f1-488c-a246-51270dee3b77.mp4,PB-Archives-A,1151351111,2025-10-23T09:15:27Z,208
Media Asset,3668645,195f7013-cce3-45b8-bb42-b40e2f87fb18.mp4,195f7013-cce3-45b8-bb42-b40e2f87fb18.mp4,PB-Archives-A,663301429,2025-10-23T09:15:26Z,208
Media Asset,3668565,8b314764-1924-4793-9a94-ad241386a42d.mp4,8b314764-1924-4793-9a94-ad241386a42d.mp4,PB-Archives-A,911490000,2025-10-23T09:16:25Z,208
Media Asset,3668564,cbdaa5a7-21c4-42d9-b5a3-9a63bf52e052.mp4,cbdaa5a7-21c4-42d9-b5a3-9a63bf52e052.mp4,PB-Archives-A,1040023220,2025-10-23T09:16:24Z,208
Media Asset,3668563,85becb8e-a446-490c-9d13-3c15940b98db.mp4,85becb8e-a446-490c-9d13-3c15940b98db.mp4,PB-Archives-A,894888299,2025-10-23T09:16:13Z,208
Media Asset,3668562,b4d493f1-1340-4905-918c-24ccdf58dcf0.mp4,b4d493f1-1340-4905-918c-24ccdf58dcf0.mp4,PB-Archives-A,1439157619,2025-10-23T09:15:51Z,208
Media Asset,3668561,ea3510ba-f8e4-4f8b-9f42-abbcc0fca92a.mp4,ea3510ba-f8e4-4f8b-9f42-abbcc0fca92a.mp4,PB-Archives-A,1493771610,2025-10-23T09:15:49Z,208
Media Asset,3668560,0af0dedc-ddcb-4c16-bcd8-ecccc5d06f1d.mp4,0af0dedc-ddcb-4c16-bcd8-ecccc5d06f1d.mp4,PB-Archives-A,1340459705,2025-10-23T09:15:49Z,208
Media Asset,3668559,3f83c513-dbe2-4cd5-bf93-e49a6337840c.mp4,3f83c513-dbe2-4cd5-bf93-e49a6337840c.mp4,PB-Archives-A,1167255011,2025-10-23T09:15:45Z,208
Media Asset,3668217,SHAKTHI E170,SHAKTHI E170,DD Podhigai (Chennai),1443280000,2025-10-24T09:06:03Z,208
Media Asset,3668216,SHAKTHI E169,SHAKTHI E169,DD Podhigai (Chennai),1417520000,2025-10-24T09:01:19Z,208
Media Asset,3668197,2310 DECODE SOCIAL FULL WAVES,2310 DECODE SOCIAL FULL WAVES,Decode,3363080000,2025-10-24T05:18:30Z,208
Media Asset,3668192,ZWR_S1_EP5 OTT,ZWR_S1_EP5 OTT,Zindagi Live,1830361875,2025-10-23T14:32:06Z,208
Media Asset,3668191,ZWR_S1_EP6 OTT,ZWR_S1_EP6 OTT,Zindagi Live,862828633,2025-10-23T14:32:06Z,208
Media Asset,3668158,KBR_EP_204_S2_MIX_MASTER OTT,KBR_EP_204_S2_MIX_MASTER OTT,Sagar World,1440000000,2025-10-23T10:02:48Z,208
Media Asset,3668157,KBR_EP_201_S2_MIX_MASTER OTT,KBR_EP_201_S2_MIX_MASTER OTT,Sagar World,1622000000,2025-10-23T10:02:48Z,208
Media Asset,3668156,KBR_EP_200_S2_MIX_MASTER OTT,KBR_EP_200_S2_MIX_MASTER OTT,Sagar World,1451000000,2025-10-23T10:01:47Z,208
Media Asset,3668149,1   EDITED  Shahzad A,1   EDITED  Shahzad A,PB-Archives-A,1090799094,2025-10-23T09:13:35Z,208
Media Asset,3668148,5 EDI OUR GUEST - NAFEESA HASANOVA,5 EDI OUR GUEST - NAFEESA HASANOVA,PB-Archives-A,1040039184,2025-10-23T09:13:35Z,208
Media Asset,3668147,3     FINAL  edi -WELCOME-TO-STUDIO-ONE,3     FINAL  edi -WELCOME-TO-STUDIO-ONE,PB-Archives-A,1439164082,2025-10-23T09:13:35Z,208
Media Asset,3668146,4 EDI  OUR GUEST  - AN INTERVIEW WITH FATA  INTERVIEWER  MONICA GULATI,4 EDI  OUR GUEST  - AN INTERVIEW WITH FATA  INTERVIEWER  MONICA GULATI,PB-Archives-A,894902857,2025-10-23T09:13:35Z,208
Media Asset,3668145,1 EDI OUR GUEST- SANDRA KYLE Animal Right Activist,1 EDI OUR GUEST- SANDRA KYLE Animal Right Activist,PB-Archives-A,767738776,2025-10-23T09:13:35Z,208
Media Asset,3668144,3   EDI HORIZON - INTERVIEW WITH DAVID DEVADAS 2019-10-16 164628,3   EDI HORIZON - INTERVIEW WITH DAVID DEVADAS 2019-10-16 164628,PB-Archives-A,911494625,2025-10-23T09:13:35Z,208
Media Asset,3668143,3 EDI OUR GUEST NOUF MARWAAI,3 EDI OUR GUEST NOUF MARWAAI,PB-Archives-A,917890612,2025-10-23T09:13:34Z,208
Media Asset,3668142,2   EDI--HORIZON-------SHAHE-AWAD---NAWAB-WAJID-ALI-SHAH,2   EDI--HORIZON-------SHAHE-AWAD---NAWAB-WAJID-ALI-SHAH,PB-Archives-A,1493786122,2025-10-23T09:13:33Z,208
Media Asset,3668141,5   EDI  HORIZON,5   EDI  HORIZON,PB-Archives-A,1167259500,2025-10-23T09:13:33Z,208
Media Asset,3668140,2 EDI   OUR GUEST INTERVIEW WITH  DR  SONIA MALIK  INTERVIEWER  KIRAN MISHRA,2 EDI   OUR GUEST INTERVIEW WITH  DR  SONIA MALIK  INTERVIEWER  KIRAN MISHRA,PB-Archives-A,925526313,2025-10-23T09:13:33Z,208
Media Asset,3668139,5     final edi WELCOME-TO-STUDIO-ONE---PREM-RAWAT---PART-2,5     final edi WELCOME-TO-STUDIO-ONE---PREM-RAWAT---PART-2,PB-Archives-A,663327347,2025-10-23T09:13:33Z,208
Media Asset,3668138,4    EDI   HORIZON  INTERVIEW WITH  Keki N,4    EDI   HORIZON  INTERVIEW WITH  Keki N,PB-Archives-A,1206077469,2025-10-23T09:13:33Z,208
Media Asset,3668137,1    final edi CONVERSATION-WITH-PAPA-CJ---RINI-SIMAN-KHANNA,1    final edi CONVERSATION-WITH-PAPA-CJ---RINI-SIMAN-KHANNA,PB-Archives-A,1050801633,2025-10-23T09:13:33Z,208
Media Asset,3668136,4     final edi -WELCOME-TO-ST-ONE--ANANDA-HIMANI,4     final edi -WELCOME-TO-ST-ONE--ANANDA-HIMANI,PB-Archives-A,1340473469,2025-10-23T09:13:32Z,208
Media Asset,3668135,2    final ediWELCOME-TO-ST-ONE-KAILASH--SATYARTHI,2    final ediWELCOME-TO-ST-ONE-KAILASH--SATYARTHI,PB-Archives-A,1151373061,2025-10-23T09:13:32Z,208
Media Asset,3668015,EP 61 Gurudwara Bangla Sahib,EP 61 Gurudwara Bangla Sahib,Yatra,1272234667,2025-10-24T09:34:30Z,208
Media Asset,3668014,EP 59 Kamakhya Temple,EP 59 Kamakhya Temple,Yatra,1292245333,2025-10-24T09:34:30Z,208
Media Asset,3668013,EP 63 Galtaji Temple,EP 63 Galtaji Temple,Yatra,1281322667,2025-10-24T09:34:29Z,208
Media Asset,3668012,EP 62 Jaipur Temples,EP 62 Jaipur Temples,Yatra,1273365333,2025-10-24T09:34:29Z,208
Media Asset,3667994,SasuralJhunkiKa_Ep98,SasuralJhunkiKa_Ep98,DD Mumbai,1362000000,2025-10-24T08:17:49Z,208
Media Asset,3667945,KBR_EP_202_S2_MIX_MASTER OTT,KBR_EP_202_S2_MIX_MASTER OTT,Sagar World,1592000000,2025-10-23T10:02:48Z,208
Media Asset,3667944,KBR_EP_203_S2_MIX_MASTER OTT,KBR_EP_203_S2_MIX_MASTER OTT,Sagar World,1614000000,2025-10-23T10:02:48Z,208
Media Asset,3666332,Monster Hunt Hindi Trailer_LGP LOGO,Monster Hunt Hindi Trailer_LGP LOGO,Lions Gate,110750000,2025-10-23T06:31:19Z,208
Media Asset,3666331,TP_Trailer 1_LGP LOGO,TP_Trailer 1_LGP LOGO,Lions Gate,69666667,2025-10-23T06:31:19Z,208
Media Asset,3666330,London Has Fallen_Hindi Dubbed Trailer_LGP LOGO,London Has Fallen_Hindi Dubbed Trailer_LGP LOGO,Lions Gate,136760000,2025-10-23T06:30:18Z,208
Media Asset,3666328,KIDNAP0Y2017MHITRAILER01_LGP LOGO,KIDNAP0Y2017MHITRAILER01_LGP LOGO,Lions Gate,30280000,2025-10-23T06:29:17Z,208
Media Asset,3664443,FAUJI02_EP_137_MASTER OTT,FAUJI02_EP_137_MASTER OTT,Fauji2.0,1327200000,2025-10-23T05:24:08Z,208
Media Asset,3664442,FAUJI02_EP_136_MASTER OTT,FAUJI02_EP_136_MASTER OTT,Fauji2.0,1320000000,2025-10-23T05:19:06Z,208
Media Asset,3664441,FAUJI02_EP_138_MASTER OTT,FAUJI02_EP_138_MASTER OTT,Fauji2.0,1306000000,2025-10-23T05:15:04Z,208
Media Asset,3664440,FAUJI02_EP_140_MASTER OTT,FAUJI02_EP_140_MASTER OTT,Fauji2.0,1334000000,2025-10-23T05:14:04Z,208
Media Asset,3664439,FAUJI02_EP_139_MASTER OTT,FAUJI02_EP_139_MASTER OTT,Fauji2.0,1347000000,2025-10-23T05:14:04Z,208
Media Asset,3664438,KBR_EP_201_MIX_MASTER_OTT,KBR_EP_201_MIX_MASTER_OTT,Sagar World,1622000000,2025-10-23T05:11:51Z,208
Media Asset,3664437,KBR_EP_202_MIX_MASTER_OTT,KBR_EP_202_MIX_MASTER_OTT,Sagar World,1592000000,2025-10-23T05:11:51Z,208
Media Asset,3664427,KBR_EP_203_MIX_MASTER_OTT,KBR_EP_203_MIX_MASTER_OTT,Sagar World,1614000000,2025-10-23T05:09:50Z,208
Media Asset,3664426,KBR_EP_200_MIX_MASTER_OTT,KBR_EP_200_MIX_MASTER_OTT,Sagar World,1451000000,2025-10-23T05:07:50Z,208
Media Asset,3664425,KBR_EP_204_MIX_MASTER_OTT,KBR_EP_204_MIX_MASTER_OTT,Sagar World,1440000000,2025-10-23T05:07:50Z,208
Media Asset,3664409,HumToMiddleClassHaiJi_Ep170,HumToMiddleClassHaiJi_Ep170,DD Mumbai,1395760000,2025-10-22T12:58:08Z,208
Media Asset,3664406,HumToMiddleClassHaiJi_Ep169,HumToMiddleClassHaiJi_Ep169,DD Mumbai,1441760000,2025-10-22T12:28:38Z,208
Media Asset,3664405,SHAKTHI E168,SHAKTHI E168,DD Podhigai (Chennai),1442480000,2025-10-22T10:43:05Z,208
Media Asset,3664404,SHAKTHI E167,SHAKTHI E167,DD Podhigai (Chennai),1431920000,2025-10-22T10:36:52Z,208
Media Asset,3664403,SHAKTHI E166,SHAKTHI E166,DD Podhigai (Chennai),1411320000,2025-10-22T10:31:24Z,208
Media Asset,3664402,SasuralJhunkiKa_Ep99,SasuralJhunkiKa_Ep99,DD Mumbai,1370000000,2025-10-22T10:26:09Z,208
Media Asset,3664399,SasuralJhunkiKa_Ep97,SasuralJhunkiKa_Ep97,DD Mumbai,1363960000,2025-10-22T09:44:23Z,208
Media Asset,3664390,2110 DECODE SOCIAL FULL WAVES,2110 DECODE SOCIAL FULL WAVES,Decode,3203160000,2025-10-22T04:18:37Z,208
Media Asset,3663065,CHHATH TRAILER,CHHATH TRAILER,Champaran Talkies,170112000,2025-10-23T04:59:03Z,208
Media Asset,3663053,MP4 UPDATED FILM CHHATH 22102025,MP4 UPDATED FILM CHHATH 22102025,Champaran Talkies,8126485333,2025-10-23T04:25:56Z,208
Media Asset,3663052,5,5,Champaran Talkies,8133397333,2025-10-23T04:21:55Z,208
Media Asset,3663051,2210 DECODE SOCIAL FULL WAVES,2210 DECODE SOCIAL FULL WAVES,Decode,3359680000,2025-10-23T04:18:17Z,208
Media Asset,3663040,CHHATH TRAILER,CHHATH TRAILER,Champaran Talkies,170112000,2025-10-22T09:10:20Z,208
Media Asset,3663038,HumToMiddleClassHaiJi_Ep168,HumToMiddleClassHaiJi_Ep168,DD Mumbai,1321920000,2025-10-22T08:30:09Z,208
Media Asset,3663037,UPDATED FILM CHHATH 22102025,UPDATED FILM CHHATH 22102025,Champaran Talkies,8124522667,2025-10-22T07:52:54Z,208
Media Asset,3663035,HumToMiddleClassHaiJi_Ep167,HumToMiddleClassHaiJi_Ep167,DD Mumbai,1341320000,2025-10-22T07:33:44Z,208
Media Asset,3663024,AmcheHeAmchiHi_NikhilWagle,AmcheHeAmchiHi_NikhilWagle,DD Mumbai,3045520000,2025-10-21T09:37:43Z,208
Media Asset,3663007,Mil Gayi Manzil Mujhey Ep-28,Mil Gayi Manzil Mujhey Ep-28,DD Kisan,1477640000,2025-10-21T04:45:31Z,208
Media Asset,3663006,Mil Gayi Manzil Mujhey Ep-25,Mil Gayi Manzil Mujhey Ep-25,DD Kisan,1493880000,2025-10-21T04:44:34Z,208
Media Asset,3663005,Mil Gayi Manzil Mujhey Ep-24,Mil Gayi Manzil Mujhey Ep-24,DD Kisan,1496920000,2025-10-21T04:43:13Z,208
Media Asset,3663004,Mil Gayi Manzil Mujhey Ep-23,Mil Gayi Manzil Mujhey Ep-23,DD Kisan,1469400000,2025-10-21T04:36:45Z,208
Media Asset,3662991,Jyoti Jale_V3,Jyoti Jale_V3,Collective Artists Network,245200000,2025-10-20T03:55:30Z,208
Media Asset,3662982,MAHABHARAT_S_01_EPISODE_04_MICRO_V3,MAHABHARAT_S_01_EPISODE_04_MICRO_V3,Collective Artists Network,255600000,2025-10-19T12:46:38Z,208
Media Asset,3662981,MAHABHARAT_S_01_EPISODE_05_MICRO_V3,MAHABHARAT_S_01_EPISODE_05_MICRO_V3,Collective Artists Network,281320000,2025-10-19T12:43:46Z,208
Media Asset,3662978,MAHABHARAT_S_01_EPISODE_06,MAHABHARAT_S_01_EPISODE_06,Collective Artists Network,266760000,2025-10-19T12:22:41Z,208
Media Asset,3662977,MAHABHARAT_S_01_EPISODE_03_MICRO_V3,MAHABHARAT_S_01_EPISODE_03_MICRO_V3,Collective Artists Network,300360000,2025-10-19T12:21:07Z,208
Media Asset,3662974,MAHABHARAT_S_01_EPISODE_02_MICRO_V3,MAHABHARAT_S_01_EPISODE_02_MICRO_V3,Collective Artists Network,288560000,2025-10-19T11:30:14Z,208
Media Asset,3661440,1810 DECODE SAT WEEKEND SOCIAL,1810 DECODE SAT WEEKEND SOCIAL,Decode,3199640000,2025-10-21T07:22:47Z,208
Media Asset,3661435,AmcheHeAmchiHi_Mohan Joshi,AmcheHeAmchiHi_Mohan Joshi,DD Mumbai,3258520000,2025-10-21T06:53:00Z,208
Media Asset,3661433,1910 DECODE SOCIAL FULL WAVES,1910 DECODE SOCIAL FULL WAVES,Decode,3027760000,2025-10-21T06:44:39Z,208
Media Asset,3661432,1710 DECODE SOCIAL FULL WAVES,1710 DECODE SOCIAL FULL WAVES,Decode,3160560000,2025-10-21T06:36:37Z,208
Media Asset,3661430,AmcheHeAmchiHi_PrajaktaMilindShinde,AmcheHeAmchiHi_PrajaktaMilindShinde,DD Mumbai,3198840000,2025-10-21T06:26:17Z,208
Media Asset,3661402,MAHABHARAT_S_01_EPISODE_01_MICRO_V3,MAHABHARAT_S_01_EPISODE_01_MICRO_V3,Collective Artists Network,243640000,2025-10-19T09:57:53Z,208
Media Asset,3661393,CHHATH MP4_STEREO_FOR_UPDATED FOR UPLOAD,CHHATH MP4_STEREO_FOR_UPDATED FOR UPLOAD,Champaran Talkies,8262613333,2025-10-18T21:24:43Z,208
Media Asset,3661386,AmcheHeAmchiHi_VaibhavMangale,AmcheHeAmchiHi_VaibhavMangale,DD Mumbai,3254880000,2025-10-17T12:27:46Z,208
Media Asset,3661383,HumToMiddleClassHaiJi_Ep166,HumToMiddleClassHaiJi_Ep166,DD Mumbai,1318640000,2025-10-17T12:21:31Z,208
Media Asset,3661371,Shakthi E165,Shakthi E165,DD Podhigai (Chennai),1444600000,2025-10-17T09:54:23Z,208
Media Asset,3661370,SHAKTHI E164,SHAKTHI E164,DD Podhigai (Chennai),1421280000,2025-10-17T09:49:04Z,208
Media Asset,3661367,SHAKTHI E163,SHAKTHI E163,DD Podhigai (Chennai),1427920000,2025-10-17T09:43:16Z,208
Media Asset,3661366,SHAKTHI E162,SHAKTHI E162,DD Podhigai (Chennai),1450080000,2025-10-17T09:38:02Z,208
Media Asset,3661365,Mil Gayi Manzil Mujhey Ep-22,Mil Gayi Manzil Mujhey Ep-22,DD Kisan,1485000000,2025-10-17T09:35:02Z,208
Media Asset,3661364,Mil Gayi Manzil Mujhey Ep-21,Mil Gayi Manzil Mujhey Ep-21,DD Kisan,1486880000,2025-10-17T09:34:08Z,208
Media Asset,3661363,SHAKTHI E161,SHAKTHI E161,DD Podhigai (Chennai),1412440000,2025-10-17T09:33:13Z,208
Media Asset,3661362,Mil Gayi Manzil Mujhey Ep-20,Mil Gayi Manzil Mujhey Ep-20,DD Kisan,1510880000,2025-10-17T09:32:29Z,208
Media Asset,3661361,Mil Gayi Manzil Mujhey Ep-19,Mil Gayi Manzil Mujhey Ep-19,DD Kisan,1478640000,2025-10-17T09:29:04Z,208
Media Asset,3661360,SHAKTHI E160,SHAKTHI E160,DD Podhigai (Chennai),1441720000,2025-10-17T09:27:21Z,208
Media Asset,3661359,Mil Gayi Manzil Mujhey Ep-18,Mil Gayi Manzil Mujhey Ep-18,DD Kisan,1493640000,2025-10-17T09:08:46Z,208
Media Asset,3661358,Mil Gayi Manzil Mujhey Ep-17,Mil Gayi Manzil Mujhey Ep-17,DD Kisan,1492520000,2025-10-17T09:07:54Z,208
Media Asset,3661357,Mil Gayi Manzil Mujhey Ep-16,Mil Gayi Manzil Mujhey Ep-16,DD Kisan,1467200000,2025-10-17T09:06:51Z,208
Media Asset,3661356,Mil Gayi Manzil Mujhey Ep-15,Mil Gayi Manzil Mujhey Ep-15,DD Kisan,1479800000,2025-10-17T09:05:19Z,208
Media Asset,3661355,Mil Gayi Manzil Mujhey Ep-14,Mil Gayi Manzil Mujhey Ep-14,DD Kisan,1485960000,2025-10-17T09:01:34Z,208
Media Asset,3661354,AmcheHeAmchiHi_MakarandAnaspure,AmcheHeAmchiHi_MakarandAnaspure,DD Mumbai,3241400000,2025-10-17T08:48:13Z,208
Media Asset,3658607,AmcheHeAmchiHi_AlokKatdhare,AmcheHeAmchiHi_AlokKatdhare,DD Mumbai,3271520000,2025-10-17T11:51:43Z,208
Media Asset,3658606,HumToMiddleClassHaiJi_Ep165,HumToMiddleClassHaiJi_Ep165,DD Mumbai,1416800000,2025-10-17T11:51:08Z,208
Media Asset,3658586,HumToMiddleClassHaiJi_Ep164,HumToMiddleClassHaiJi_Ep164,DD Mumbai,1237040000,2025-10-17T07:41:07Z,208
Media Asset,3658585,AmcheHeAmchiHi_VikasSwati,AmcheHeAmchiHi_VikasSwati,DD Mumbai,3090520000,2025-10-17T07:30:34Z,208
Media Asset,3658531,HumToMiddleClassHaiJi_Ep159,HumToMiddleClassHaiJi_Ep159,DD Mumbai,1295680000,2025-10-16T12:19:09Z,208
Media Asset,3656894,Mil Gayi Manzil Mujhey Ep-13,Mil Gayi Manzil Mujhey Ep-13,DD Kisan,1491920000,2025-10-17T07:59:14Z,208
Media Asset,3656892,Mil Gayi Manzil Mujhey Ep-12,Mil Gayi Manzil Mujhey Ep-12,DD Kisan,1502040000,2025-10-17T07:47:38Z,208
Media Asset,3656891,Mil Gayi Manzil Mujhey Ep-11,Mil Gayi Manzil Mujhey Ep-11,DD Kisan,1473960000,2025-10-17T07:46:45Z,208
Media Asset,3656890,Mil Gayi Manzil Mujhey Ep-10,Mil Gayi Manzil Mujhey Ep-10,DD Kisan,1476040000,2025-10-17T07:45:33Z,208
Media Asset,3656889,Mil Gayi Manzil Mujhey Ep-09,Mil Gayi Manzil Mujhey Ep-09,DD Kisan,1492000000,2025-10-17T07:42:57Z,208
Media Asset,3656887,1610 DECODE SOCIAL FULL WAVES,1610 DECODE SOCIAL FULL WAVES,Decode,3412240000,2025-10-17T06:25:32Z,208
Media Asset,3656885,TGICS EP 14 MIX MASTER WAVES_V01,TGICS EP 14 MIX MASTER WAVES_V01,DD Sport,2391000000,2025-10-17T06:23:01Z,208
Media Asset,3656883,HumToMiddleClassHaiJi_Ep163,HumToMiddleClassHaiJi_Ep163,DD Mumbai,1281520000,2025-10-17T06:10:26Z,208
Media Asset,3656864,HumToMiddleClassHaiJi_Ep162,HumToMiddleClassHaiJi_Ep162,DD Mumbai,1390960000,2025-10-16T12:41:27Z,208
Media Asset,3656857,AmcheHeAmchiHi_AaditiSarandhar,AmcheHeAmchiHi_AaditiSarandhar,DD Mumbai,3085360000,2025-10-16T11:22:28Z,208
Media Asset,3656835,ZWR_S1_EP4 OTT,ZWR_S1_EP4 OTT,Zindagi Live,853786271,2025-10-16T08:46:58Z,208
Media Asset,3656834,TGICS EP 13 MIX MASTER WAVES_V01,TGICS EP 13 MIX MASTER WAVES_V01,DD Sport,2601560000,2025-10-16T08:44:35Z,208
Media Asset,3656833,TGICS EP 12 MIX MASTER WAVES_V01,TGICS EP 12 MIX MASTER WAVES_V01,DD Sport,2623000000,2025-10-16T08:43:35Z,208
Media Asset,3656832,TGICS EP 11 MIX MASTER WAVES_V01,TGICS EP 11 MIX MASTER WAVES_V01,DD Sport,2585840000,2025-10-16T08:43:35Z,208
Media Asset,3656829,HumToMiddleClassHaiJi_Ep161,HumToMiddleClassHaiJi_Ep161,DD Mumbai,1386200000,2025-10-16T08:32:11Z,208
Media Asset,3656823,AmcheHeAmchiHi_SwapnilTejaswini,AmcheHeAmchiHi_SwapnilTejaswini,DD Mumbai,3269680000,2025-10-16T07:39:32Z,208
Media Asset,3655182,HumToMiddleClassHaiJi_Ep160,HumToMiddleClassHaiJi_Ep160,DD Mumbai,1351320000,2025-10-16T06:58:25Z,208
Media Asset,3655178,ZWR_S3_EP3 ott,ZWR_S3_EP3 ott,Zindagi Live,684150133,2025-10-16T06:31:26Z,208
Media Asset,3653529,23455e73-8602-4d23-8be5-934687489e1d.mp4,23455e73-8602-4d23-8be5-934687489e1d.mp4,PB-Archives-A,1408260000,2025-10-15T09:29:37Z,208
Media Asset,3653528,0f7b2b29-6654-4d52-b6ef-e0215c3b1acd.mp4,0f7b2b29-6654-4d52-b6ef-e0215c3b1acd.mp4,PB-Archives-A,1427310000,2025-10-15T09:28:24Z,208
Media Asset,3653527,7d2060d2-fdb7-4d63-b097-684e2d0012d1.mp4,7d2060d2-fdb7-4d63-b097-684e2d0012d1.mp4,PB-Archives-A,1750888005,2025-10-15T09:27:44Z,208
Media Asset,3653525,ffa50e39-4bc4-4309-9e52-a8d9b1f1ac3f.mp4,ffa50e39-4bc4-4309-9e52-a8d9b1f1ac3f.mp4,PB-Archives-A,1574141995,2025-10-15T09:27:32Z,208
Media Asset,3653524,cfa70cbd-69c3-40bd-aac2-f8a2e824d787.mp4,cfa70cbd-69c3-40bd-aac2-f8a2e824d787.mp4,PB-Archives-A,1647295011,2025-10-15T09:27:28Z,208
Media Asset,3653256,1510 DECODE SOCIAL FULL WAVES,1510 DECODE SOCIAL FULL WAVES,Decode,3267360000,2025-10-16T04:33:42Z,208
Media Asset,3653217,EP 35 Sattainathar Temple,EP 35 Sattainathar Temple,Yatra,1263445333,2025-10-15T13:44:11Z,208
Media Asset,3653201,ANUGOONJ (EPISODE-19),ANUGOONJ (EPISODE-19),PB-Archives-A,1408260476,2025-10-15T09:27:48Z,208
Media Asset,3653200,ANUGOONJ (EPISODE-22),ANUGOONJ (EPISODE-22),PB-Archives-A,1290147460,2025-10-15T09:26:41Z,208
Media Asset,3653199,ANUGOONJ (EPISODE-24),ANUGOONJ (EPISODE-24),PB-Archives-A,1427310136,2025-10-15T09:26:41Z,208
Media Asset,3653198,ANUGOONJ (EPISODE-20),ANUGOONJ (EPISODE-20),PB-Archives-A,1750887823,2025-10-15T09:25:37Z,208
Media Asset,3653197,ANUGOONJ (EPISODE-23),ANUGOONJ (EPISODE-23),PB-Archives-A,1647294921,2025-10-15T09:25:37Z,208
Media Asset,3653196,ANUGOONJ (EPISODE-21),ANUGOONJ (EPISODE-21),PB-Archives-A,1574141995,2025-10-15T09:25:37Z,208
Media Asset,3653194,AmcheHeAmchiHi_ShailashDatarr,AmcheHeAmchiHi_ShailashDatarr,DD Mumbai,3232560000,2025-10-15T08:12:03Z,208
Media Asset,3653177,EP 47 holy Amarnath Cave,EP 47 holy Amarnath Cave,Yatra,1281152000,2025-10-15T06:50:26Z,208
Media Asset,3653176,EP 48 Dewas,EP 48 Dewas,Yatra,1272362667,2025-10-15T06:50:26Z,208
Media Asset,3653175,EP 50 Hoshangabad (Narmadapuram),EP 50 Hoshangabad (Narmadapuram),Yatra,1275456000,2025-10-15T06:50:26Z,208
Media Asset,3653174,EP 46 Kheer Bhawani Temple,EP 46 Kheer Bhawani Temple,Yatra,1284864000,2025-10-15T06:50:26Z,208
Media Asset,3653172,EP 41 Mahiyar Dham,EP 41 Mahiyar Dham,Yatra,1282986667,2025-10-15T06:49:24Z,208
Media Asset,3653171,EP 35 Sirkali temple,EP 35 Sirkali temple,Yatra,1263445333,2025-10-15T06:49:24Z,208
Media Asset,3653035,08d963a9-3606-4a40-b8a0-c633d3b19eaa.mp4,08d963a9-3606-4a40-b8a0-c633d3b19eaa.mp4,PB-Archives-A,1290147007,2025-10-15T09:28:21Z,208
Media Asset,3651990,3f48aeb5-be8d-44aa-99bf-5e0692f73ffc.mp4,3f48aeb5-be8d-44aa-99bf-5e0692f73ffc.mp4,PB-Archives-A,641375238,2025-10-15T05:40:46Z,208
Media Asset,3651989,176916b6-0d75-4852-9449-b62527c51463.mp4,176916b6-0d75-4852-9449-b62527c51463.mp4,PB-Archives-A,404526395,2025-10-15T05:40:35Z,208
Media Asset,3651753,Episode-40 STRANGER'S LAPTOP P-II,Episode-40 STRANGER'S LAPTOP P-II,DD National,1664000000,2025-10-15T12:45:55Z,208
Media Asset,3651752,Episode-38 SAAL P-II,Episode-38 SAAL P-II,DD National,1598520000,2025-10-15T12:42:46Z,208
Media Asset,3651751,Episode-41 DIGITAL FOOTPRINT P-I,Episode-41 DIGITAL FOOTPRINT P-I,DD National,1471120000,2025-10-15T12:39:37Z,208
Media Asset,3651750,Episode-46 LIFT LOOT P-II,Episode-46 LIFT LOOT P-II,DD National,1456600000,2025-10-15T12:37:30Z,208
Media Asset,3651749,AmcheHeAmchiHi_AparnaSunilBarve,AmcheHeAmchiHi_AparnaSunilBarve,DD Mumbai,3319760000,2025-10-15T12:37:13Z,208
Media Asset,3651748,Episode-44 AUDIT REPORT P-II,Episode-44 AUDIT REPORT P-II,DD National,1598560000,2025-10-15T12:36:28Z,208
Media Asset,3651747,Episode-45 LIFT LOOT P-I,Episode-45 LIFT LOOT P-I,DD National,1592200000,2025-10-15T12:34:22Z,208
Media Asset,3651746,Episode-42 DIGITAL FOOTPRINT P-II,Episode-42 DIGITAL FOOTPRINT P-II,DD National,1603240000,2025-10-15T12:31:12Z,208
Media Asset,3651745,KBR_EP_95_S2_MIX_MASTER OTT,KBR_EP_95_S2_MIX_MASTER OTT,Sagar World,1499000000,2025-10-15T12:28:43Z,208
Media Asset,3651744,KBR_EP_94_S2_MIX_MASTER OTT,KBR_EP_94_S2_MIX_MASTER OTT,Sagar World,1480000000,2025-10-15T12:28:43Z,208
Media Asset,3651743,KBR_EP_93_S2_MIX_MASTER OTT,KBR_EP_93_S2_MIX_MASTER OTT,Sagar World,1442000000,2025-10-15T12:27:42Z,208
Media Asset,3651742,KBR_EP_92_S2_MIX_MASTER OTT,KBR_EP_92_S2_MIX_MASTER OTT,Sagar World,1631040000,2025-10-15T12:27:42Z,208
Media Asset,3651741,KBR_EP_91_S2_MIX_MASTER OTT,KBR_EP_91_S2_MIX_MASTER OTT,Sagar World,1490000000,2025-10-15T12:26:42Z,208
Media Asset,3651739,Episode-43 AUDIT REPORT P-I,Episode-43 AUDIT REPORT P-I,DD National,1621720000,2025-10-15T12:24:54Z,208
Media Asset,3651738,Episode-39 STRANGER'S LAPTOP P-I,Episode-39 STRANGER'S LAPTOP P-I,DD National,1695880000,2025-10-15T12:21:44Z,208
Media Asset,3651737,Episode-37  SAAL PART-1,Episode-37  SAAL PART-1,DD National,1473720000,2025-10-15T12:18:35Z,208
Media Asset,3651721,AmcheHeAmchiHi_SonaliBijay,AmcheHeAmchiHi_SonaliBijay,DD Mumbai,3266320000,2025-10-15T11:04:20Z,208
Media Asset,3651710,EP 57 Shri Kalahasti Temple,EP 57 Shri Kalahasti Temple,Yatra,1276458667,2025-10-15T06:57:19Z,208
Media Asset,3651709,EP 58 Maha Kali Temple,EP 58 Maha Kali Temple,Yatra,1273194667,2025-10-15T06:57:18Z,208
Media Asset,3651708,EP 51 Mahanandi,EP 51 Mahanandi,Yatra,1267648000,2025-10-15T06:57:08Z,208
Media Asset,3651707,EP 56 Lepakshi Temple,EP 56 Lepakshi Temple,Yatra,1271957333,2025-10-15T06:57:08Z,208
Media Asset,3651706,EP 49 Maheshwar,EP 49 Maheshwar,Yatra,1282496000,2025-10-15T06:56:48Z,208
Media Asset,3651699,EP 55 Tadipatri Temples,EP 55 Tadipatri Temples,Yatra,1270208000,2025-10-15T06:54:37Z,208
Media Asset,3651695,MAHABHARAT_  S0,MAHABHARAT_  S0,Collective Artists Network,11114000,2025-10-15T06:15:26Z,208
Media Asset,3651684,MAHABHARAT_S_01_EP_06_MICRO,MAHABHARAT_S_01_EP_06_MICRO,Collective Artists Network,266800000,2025-10-15T05:43:16Z,208
Media Asset,3651682,MAHABHARAT_S_01_EP_04_MICRO,MAHABHARAT_S_01_EP_04_MICRO,Collective Artists Network,255600000,2025-10-15T05:42:16Z,208
Media Asset,3651681,MAHABHARAT_S_01_EP_03_MICRO,MAHABHARAT_S_01_EP_03_MICRO,Collective Artists Network,300360000,2025-10-15T05:42:16Z,208
Media Asset,3651680,MAHABHARAT_S_01_EP_05_MICRO,MAHABHARAT_S_01_EP_05_MICRO,Collective Artists Network,281320000,2025-10-15T05:42:16Z,208
Media Asset,3651679,MAHABHARAT_S_01_EP_02_MICRO,MAHABHARAT_S_01_EP_02_MICRO,Collective Artists Network,288560000,2025-10-15T05:41:16Z,208
Media Asset,3651678,diwali edi SPL-TALK-ON---DIWALI--TALK--BY-RITA-BHATIA,diwali edi SPL-TALK-ON---DIWALI--TALK--BY-RITA-BHATIA,PB-Archives-A,641384490,2025-10-15T05:39:30Z,208
Media Asset,3651677,chhath puja edi BHARAT-BHARATI-VARTA---SURYA-UPAASANA-KA-PARV--CHHAT-POOJA-,chhath puja edi BHARAT-BHARATI-VARTA---SURYA-UPAASANA-KA-PARV--CHHAT-POOJA-,PB-Archives-A,404532245,2025-10-15T05:39:30Z,208
Media Asset,3651676,MAHABHARAT_S_01_EP_01_MICRO,MAHABHARAT_S_01_EP_01_MICRO,Collective Artists Network,243640000,2025-10-15T05:32:13Z,208
Media Asset,3651665,1410 DECODE SOCIAL FULL WAVES,1410 DECODE SOCIAL FULL WAVES,Decode,2870040000,2025-10-15T05:17:12Z,208
Media Asset,3650442,EP 44 Pataleshwar Temple,EP 44 Pataleshwar Temple,Yatra,1273792000,2025-10-15T06:49:24Z,208
Media Asset,3650441,EP 37 Dakor Temple,EP 37 Dakor Temple,Yatra,1275242667,2025-10-15T06:49:24Z,208
Media Asset,3650440,EP 42 Vindhyachal Temple,EP 42 Vindhyachal Temple,Yatra,1280533333,2025-10-15T06:49:24Z,208
Media Asset,3650439,EP 38 Sabarmati Dholeshwar Mahadev Temple,EP 38 Sabarmati Dholeshwar Mahadev Temple,Yatra,1273834667,2025-10-15T06:49:24Z,208
Media Asset,3650438,EP 43 Mahamaya Temple,EP 43 Mahamaya Temple,Yatra,1266112000,2025-10-15T06:49:24Z,208
Media Asset,3650436,EP 45 Devi Bambelswari,EP 45 Devi Bambelswari,Yatra,1284202667,2025-10-15T06:49:24Z,208
Media Asset,3650435,EP 28 Vajreshwari Mata Temple and Banganga,EP 28 Vajreshwari Mata Temple and Banganga,Yatra,1281280000,2025-10-15T06:48:23Z,208
Media Asset,3650434,EP 27 Shri Bajreshwari temple,EP 27 Shri Bajreshwari temple,Yatra,1275370667,2025-10-15T06:47:22Z,208
Media Asset,3650394,Kalam ko Salam (Edited),Kalam ko Salam (Edited),PB-Archives-A,1667920000,2025-10-14T13:11:23Z,208
Media Asset,3647477,AmcheHeAmchiHi_VirendraPradhan,AmcheHeAmchiHi_VirendraPradhan,DD Mumbai,3254800000,2025-10-14T10:09:37Z,208
Media Asset,3647473,FAUJI02_EP_135_MASTER OTT,FAUJI02_EP_135_MASTER OTT,Fauji2.0,1331000000,2025-10-14T09:56:24Z,208
Media Asset,3647472,FAUJI02_EP_134_MASTER OTT,FAUJI02_EP_134_MASTER OTT,Fauji2.0,1299000000,2025-10-14T09:56:24Z,208
Media Asset,3647471,FAUJI02_EP_132_MASTER OTT,FAUJI02_EP_132_MASTER OTT,Fauji2.0,1317040000,2025-10-14T09:55:23Z,208
Media Asset,3647470,FAUJI02_EP_133_MASTER OTT,FAUJI02_EP_133_MASTER OTT,Fauji2.0,1302040000,2025-10-14T09:55:23Z,208
Media Asset,3647469,FAUJI02_EP_131_MASTER OTT,FAUJI02_EP_131_MASTER OTT,Fauji2.0,1308040000,2025-10-14T09:55:23Z,208
Media Asset,3647466,HumToMiddleClassHaiJi_Ep153,HumToMiddleClassHaiJi_Ep153,DD Mumbai,1361120000,2025-10-14T09:35:42Z,208
Media Asset,3647464,MAHABHARAT_S_01_EP_06,MAHABHARAT_S_01_EP_06,Collective Artists Network,266800000,2025-10-14T09:01:02Z,208
Media Asset,3647463,HumToMiddleClassHaiJi_Ep152,HumToMiddleClassHaiJi_Ep152,DD Mumbai,1265240000,2025-10-14T08:46:02Z,208
Media Asset,3647455,Anakalaniya  S0_E0,Anakalaniya  S0_E0,DD Mumbai,11114000,2025-10-14T05:02:16Z,208
Media Asset,3647453,HumToMiddleClassHaiJi_Ep157,HumToMiddleClassHaiJi_Ep157,DD Mumbai,1422120000,2025-10-13T12:54:52Z,208
Media Asset,3647421,AmcheHeAmchiHi_PrasadKhandekar,AmcheHeAmchiHi_PrasadKhandekar,DD Mumbai,3356480000,2025-10-13T09:08:36Z,208
Media Asset,3647420,HumToMiddleClassHaiJi_Ep155,HumToMiddleClassHaiJi_Ep155,DD Mumbai,1258200000,2025-10-13T08:33:19Z,208
Media Asset,3647419,AmcheHeAmchiHi_PrathameshLaghate,AmcheHeAmchiHi_PrathameshLaghate,DD Mumbai,3176240000,2025-10-13T08:19:38Z,208
Media Asset,3647416,HumToMiddleClassHaiJi_Ep154,HumToMiddleClassHaiJi_Ep154,DD Mumbai,1267840000,2025-10-13T07:36:28Z,208
Media Asset,3646997,HumToMiddleClassHaiJi_Ep158,HumToMiddleClassHaiJi_Ep158,DD Mumbai,1406280000,2025-10-14T08:43:58Z,208
Media Asset,3646996,AmcheHeAmchiHi_HrishikeshSneha,AmcheHeAmchiHi_HrishikeshSneha,DD Mumbai,3275480000,2025-10-14T08:41:41Z,208
Media Asset,3646991,ZWR_S1_EP2 (OTT),ZWR_S1_EP2 (OTT),Zindagi Live,1090923167,2025-10-14T07:03:26Z,208
Media Asset,3646974,1310 DECODE SOCIAL FULL WAVES,1310 DECODE SOCIAL FULL WAVES,Decode,3321640000,2025-10-14T05:30:17Z,208
Media Asset,3646972,AmcheHeAmchiHi_PareshMokashi,AmcheHeAmchiHi_PareshMokashi,DD Mumbai,3252880000,2025-10-13T12:29:09Z,208
Media Asset,3646943,HumToMiddleClassHaiJi_Ep156,HumToMiddleClassHaiJi_Ep156,DD Mumbai,1314080000,2025-10-13T10:23:53Z,208
Media Asset,3646928,Episode-18 HOTEL HACK P-II-A,Episode-18 HOTEL HACK P-II-A,DD National,1672520000,2025-10-13T06:32:29Z,208
Media Asset,3646915,MAHABHARAT MAIN TRAILER_V3,MAHABHARAT MAIN TRAILER_V3,PB-Archives-A,114280000,2025-10-11T15:31:29Z,208
Media Asset,3644374,1010 DECODE SOCIAL FULL WAVES,1010 DECODE SOCIAL FULL WAVES,Decode,3335520000,2025-10-13T05:13:30Z,208
Media Asset,3644373,1110 DECODE SAT WEEKEND SOCIAL,1110 DECODE SAT WEEKEND SOCIAL,Decode,3560640000,2025-10-13T05:13:30Z,208
Media Asset,3644370,1210 DECODE SUN WEEKEND SOCIAL,1210 DECODE SUN WEEKEND SOCIAL,Decode,3389040000,2025-10-13T04:53:26Z,208
Media Asset,3644344,Episode-36 EMI WITHOUT LOAN P-2,Episode-36 EMI WITHOUT LOAN P-2,DD National,1633200000,2025-10-10T10:26:42Z,208
Media Asset,3644343,Episode-34 POSH,Episode-34 POSH,DD National,1751880000,2025-10-10T10:26:42Z,208
Media Asset,3644342,Episode-33 INTERNET KI DOSTI,Episode-33 INTERNET KI DOSTI,DD National,1461800000,2025-10-10T10:25:39Z,208
Media Asset,3644341,Episode-35 EMI WITHOUT LOAN P-1,Episode-35 EMI WITHOUT LOAN P-1,DD National,1380000000,2025-10-10T10:25:39Z,208
Media Asset,3644340,Episode-32 UNME SE KAUN PART-II,Episode-32 UNME SE KAUN PART-II,DD National,1654120000,2025-10-10T10:24:35Z,208
Media Asset,3644338,Episode-31 UNME SE KAUN PART-1,Episode-31 UNME SE KAUN PART-1,DD National,1620680000,2025-10-10T10:22:25Z,208
Media Asset,3644336,Episode-18 HOTEL HACK P-II,Episode-18 HOTEL HACK P-II,DD National,1672480000,2025-10-10T10:21:23Z,208
Media Asset,3644334,Episode-14 MISS CALL SE GAYE  75 LAKH P-II,Episode-14 MISS CALL SE GAYE  75 LAKH P-II,DD National,1389920000,2025-10-10T10:20:20Z,208
Media Asset,3644332,Episode-13 MISS CALL SE GAYE 75 LAKH P-I,Episode-13 MISS CALL SE GAYE 75 LAKH P-I,DD National,1488880000,2025-10-10T10:19:17Z,208
Media Asset,3644308,CHHATH TRAILER,CHHATH TRAILER,Champaran Talkies,170112000,2025-10-10T06:48:51Z,208
Media Asset,3644305,TOM'S GARAGE_EP 78_TOM'S TRICKY HALLOWEEN,TOM'S GARAGE_EP 78_TOM'S TRICKY HALLOWEEN,Toonz Media,227000000,2025-10-10T06:39:27Z,208
Media Asset,3644293,0910 DECODE SOCIAL FULL WAVES,0910 DECODE SOCIAL FULL WAVES,Decode,3231800000,2025-10-10T05:01:46Z,208
Media Asset,3644286,AmcheHeAmchiHi_PrasadMahadkar_PoojaMahadkar,AmcheHeAmchiHi_PrasadMahadkar_PoojaMahadkar,DD Mumbai,3272080000,2025-10-09T11:26:40Z,208
Media Asset,3643672,AmcheHeAmchiHi_Shivani_Rangole_Virajas_kulkarni,AmcheHeAmchiHi_Shivani_Rangole_Virajas_kulkarni,DD Mumbai,3273000000,2025-10-10T13:08:42Z,208
Media Asset,3643665,HumToMiddleClassHaiJi_Ep151,HumToMiddleClassHaiJi_Ep151,DD Mumbai,1223480000,2025-10-10T11:09:58Z,208
Media Asset,3643662,Zindagi_with Richa_S1_EP1,Zindagi_with Richa_S1_EP1,Zindagi Live,1795160042,2025-10-10T11:03:36Z,208
Media Asset,3643640,AmcheHeAmchiHi_DrNandkumarMulmule,AmcheHeAmchiHi_DrNandkumarMulmule,DD Mumbai,3070080000,2025-10-10T09:17:13Z,208
Media Asset,3643636,HumToMiddleClassHaiJi_Ep150,HumToMiddleClassHaiJi_Ep150,DD Mumbai,1300320000,2025-10-10T08:00:38Z,208
Media Asset,3643623,HumToMiddleClassHaiJi_Ep147,HumToMiddleClassHaiJi_Ep147,DD Mumbai,1246280000,2025-10-10T05:43:04Z,208
Media Asset,3643607,HumToMiddleClassHaiJi_Ep149,HumToMiddleClassHaiJi_Ep149,DD Mumbai,1278600000,2025-10-09T12:10:33Z,208
Media Asset,3643602,FAUJI02_EP_129_MASTER OTT,FAUJI02_EP_129_MASTER OTT,Fauji2.0,1328000000,2025-10-09T10:32:42Z,208
Media Asset,3640138,AmcheHeAmchiHi_SangramSamel_ShraddhaSamel,AmcheHeAmchiHi_SangramSamel_ShraddhaSamel,DD Mumbai,3225640000,2025-10-09T10:50:30Z,208
Media Asset,3640123,Mil Gayi Manzil Mujhey Ep-04,Mil Gayi Manzil Mujhey Ep-04,DD Kisan,1501720000,2025-10-09T06:41:33Z,208
Media Asset,3640121,Mil Gayi Manzil Mujhey Ep-03,Mil Gayi Manzil Mujhey Ep-03,DD Kisan,1477320000,2025-10-09T06:40:01Z,208
Media Asset,3640120,Mil Gayi Manzil Mujhey Ep-02,Mil Gayi Manzil Mujhey Ep-02,DD Kisan,1493880000,2025-10-09T06:38:22Z,208
Media Asset,3640119,Mil Gayi Manzil Mujhey Ep-01,Mil Gayi Manzil Mujhey Ep-01,DD Kisan,1457440000,2025-10-09T06:32:48Z,208
Media Asset,3640111,HumToMiddleClassHaiJi_Ep146,HumToMiddleClassHaiJi_Ep146,DD Mumbai,1260280000,2025-10-09T05:51:59Z,208
Media Asset,3640093,TGICS EP 10 MIX MASTER WAVES_V02,TGICS EP 10 MIX MASTER WAVES_V02,DD Sport,2524000000,2025-10-09T05:19:29Z,208
Media Asset,3640092,TGICS EP 09 MIX MASTER WAVES_V02,TGICS EP 09 MIX MASTER WAVES_V02,DD Sport,2636000000,2025-10-09T05:19:29Z,208
Media Asset,3640089,0810 DECODE SOCIAL FULL WAVES,0810 DECODE SOCIAL FULL WAVES,Decode,3244600000,2025-10-09T04:54:11Z,208
Media Asset,3640064,AmcheHeAmchiHi_Sharad Ponkshe_SavitaPonkshe,AmcheHeAmchiHi_Sharad Ponkshe_SavitaPonkshe,DD Mumbai,3214360000,2025-10-08T12:05:56Z,208
Media Asset,3640050,FAUJI02_EP_130_MASTER OTT,FAUJI02_EP_130_MASTER OTT,Fauji2.0,1309040000,2025-10-08T10:30:29Z,208
Media Asset,3640049,FAUJI02_EP_128_MASTER OTT,FAUJI02_EP_128_MASTER OTT,Fauji2.0,1322040000,2025-10-08T10:29:28Z,208
Media Asset,3639628,AmcheHeAmchiHi_SupriyaPathare_MineshPathare,AmcheHeAmchiHi_SupriyaPathare_MineshPathare,DD Mumbai,3174880000,2025-10-09T08:54:02Z,208
Media Asset,3639627,HumToMiddleClassHaiJi_Ep148,HumToMiddleClassHaiJi_Ep148,DD Mumbai,1289800000,2025-10-09T08:13:42Z,208
Media Asset,3639623,AmcheHeAmchiHi_ShrutiMarathe_GauravGhatnekar,AmcheHeAmchiHi_ShrutiMarathe_GauravGhatnekar,DD Mumbai,3303880000,2025-10-09T07:15:53Z,208
Media Asset,3639617,Mil Gayi Manzil Mujhey Ep-08,Mil Gayi Manzil Mujhey Ep-08,DD Kisan,1473760000,2025-10-09T07:07:54Z,208
Media Asset,3639616,Mil Gayi Manzil Mujhey Ep-07,Mil Gayi Manzil Mujhey Ep-07,DD Kisan,1480080000,2025-10-09T07:06:25Z,208
Media Asset,3639615,Mil Gayi Manzil Mujhey Ep-06,Mil Gayi Manzil Mujhey Ep-06,DD Kisan,1495040000,2025-10-09T07:05:10Z,208
Media Asset,3639614,Mil Gayi Manzil Mujhey Ep-05,Mil Gayi Manzil Mujhey Ep-05,DD Kisan,1472760000,2025-10-09T07:02:13Z,208
Media Asset,3639567,HumToMiddleClassHaiJi_Ep145,HumToMiddleClassHaiJi_Ep145,DD Mumbai,1268640000,2025-10-08T12:34:31Z,208
Media Asset,3639564,FAUJI02_EP_127_MASTER OTT,FAUJI02_EP_127_MASTER OTT,Fauji2.0,1305040000,2025-10-08T10:29:28Z,208
Media Asset,3639563,FAUJI02_EP_126_MASTER OTT,FAUJI02_EP_126_MASTER OTT,Fauji2.0,1301040000,2025-10-08T10:29:28Z,208
Media Asset,3636890,AmcheHeAmchiHi_SmitaJaykar_MohanJaykar ,AmcheHeAmchiHi_SmitaJaykar_MohanJaykar ,DD Mumbai,3480120000,2025-10-08T09:20:16Z,208
Media Asset,3636877,HumToMiddleClassHaiJi_Ep144,HumToMiddleClassHaiJi_Ep144,DD Mumbai,1306920000,2025-10-08T08:57:39Z,208
Media Asset,3636875,KBR_EP_90_S2_MIX_MASTER OTT,KBR_EP_90_S2_MIX_MASTER OTT,Sagar World,1434320000,2025-10-08T08:44:36Z,208
Media Asset,3636874,KBR_EP_87_S2_MIX_MASTER OTT,KBR_EP_87_S2_MIX_MASTER OTT,Sagar World,1476000000,2025-10-08T08:43:36Z,208
Media Asset,3636873,KBR_EP_89_S2_MIX_MASTER OTT,KBR_EP_89_S2_MIX_MASTER OTT,Sagar World,1493000000,2025-10-08T08:43:36Z,208
Media Asset,3636872,KBR_EP_88_S2_MIX_MASTER OTT,KBR_EP_88_S2_MIX_MASTER OTT,Sagar World,1440000000,2025-10-08T08:43:36Z,208
Media Asset,3636871,KBR_EP_86_S2_MIX_MASTER OTT,KBR_EP_86_S2_MIX_MASTER OTT,Sagar World,1487000000,2025-10-08T08:43:36Z,208
Media Asset,3636868,HumToMiddleClassHaiJi_Ep143,HumToMiddleClassHaiJi_Ep143,DD Mumbai,1301080000,2025-10-08T07:33:39Z,208
Media Asset,3635474,Shakthi E159,Shakthi E159,DD Podhigai (Chennai),1436000000,2025-10-08T06:42:47Z,208
Media Asset,3635465,Shakthi E158,Shakthi E158,DD Podhigai (Chennai),1432840000,2025-10-08T06:36:52Z,208
Media Asset,3635439,0710 DECODE SOCIAL FULL WAVES,0710 DECODE SOCIAL FULL WAVES,Decode,3198600000,2025-10-08T04:55:41Z,208
Media Asset,3635429,HumToMiddleClassHaiJi_Ep142,HumToMiddleClassHaiJi_Ep142,DD Mumbai,1265040000,2025-10-07T12:47:10Z,208
Media Asset,3633996,HEJJARU_Treasure_REVISION_03_MP4,HEJJARU_Treasure_REVISION_03_MP4,Gagana Enterprises,139000000,2025-10-07T08:59:47Z,208
Media Asset,3632548, Ek Mulaqaat - Amitabh Bachchan (BW)----DDK Sri Nagar-Edited.mov, Ek Mulaqaat - Amitabh Bachchan (BW)----DDK Sri Nagar-Edited.mov,PB-Archives-A,,2025-10-07T07:10:48Z,208
Media Asset,3629321,Shakthi E157,Shakthi E157,DD Podhigai (Chennai),1438400000,2025-10-07T09:43:06Z,208
Media Asset,3629316,Shakthi E156,Shakthi E156,DD Podhigai (Chennai),1430680000,2025-10-07T09:36:49Z,208
Media Asset,3629310,THE LIGHT_SV_HD,THE LIGHT_SV_HD,Tricolour Productions,8725385011,2025-10-07T07:40:52Z,208
Media Asset,3629300,Ghar Bahar Deepawali Ke Vibhinn Sandharbh,Ghar Bahar Deepawali Ke Vibhinn Sandharbh,PB-Archives-A,1201080000,2025-10-07T06:55:37Z,208
Media Asset,3629256,TOM'S GARAGE-PROMO,TOM'S GARAGE-PROMO,Toonz Media,30000000,2025-10-07T06:06:17Z,208
Media Asset,3627043,0610 DECODE SOCIAL FULL WAVES,0610 DECODE SOCIAL FULL WAVES,Decode,3447440000,2025-10-07T05:08:08Z,208
Media Asset,3627042,TOM'S GARAGE_EP 81_TICKLE TRUCK TO THE RESCUE,TOM'S GARAGE_EP 81_TICKLE TRUCK TO THE RESCUE,Toonz Media,226960000,2025-10-07T04:52:46Z,208
Media Asset,3627041,TOM'S GARAGE_EP 80_SAFE PLACE FOR A SHOW,TOM'S GARAGE_EP 80_SAFE PLACE FOR A SHOW,Toonz Media,226960000,2025-10-07T04:52:06Z,208
Media Asset,3627040,TOM'S GARAGE_EP 82_ZAPPED BACK,TOM'S GARAGE_EP 82_ZAPPED BACK,Toonz Media,227480000,2025-10-07T04:51:05Z,208
Media Asset,3627039,TOM'S GARAGE_EP 76_AMBER'S ALLERGY,TOM'S GARAGE_EP 76_AMBER'S ALLERGY,Toonz Media,226960000,2025-10-07T04:51:05Z,208
Media Asset,3627038,TOM'S GARAGE_EP 79_A GHOST IN CAR CITY,TOM'S GARAGE_EP 79_A GHOST IN CAR CITY,Toonz Media,226960000,2025-10-07T04:51:05Z,208
Media Asset,3627037,TOM'S GARAGE_EP 73_THE GOOD BUTTON,TOM'S GARAGE_EP 73_THE GOOD BUTTON,Toonz Media,226960000,2025-10-07T04:51:05Z,208
Media Asset,3627036,TOM'S GARAGE_EP 74_SLIMED,TOM'S GARAGE_EP 74_SLIMED,Toonz Media,226960000,2025-10-07T04:50:56Z,208
Media Asset,3627035,TOM'S GARAGE_EP 77_BABY SPIDER'S SCARED,TOM'S GARAGE_EP 77_BABY SPIDER'S SCARED,Toonz Media,227200000,2025-10-07T04:50:56Z,208
Media Asset,3627034,TOM'S GARAGE_EP 56_FRANK'S SPARE HOSE,TOM'S GARAGE_EP 56_FRANK'S SPARE HOSE,Toonz Media,226960000,2025-10-07T04:38:49Z,208
Media Asset,3627033,TOM'S GARAGE_EP 20_BEN TAKES A BREAK,TOM'S GARAGE_EP 20_BEN TAKES A BREAK,Toonz Media,199560000,2025-10-07T04:38:28Z,208
Media Asset,3627032,TOM'S GARAGE_EP 17_GARY NEEDS HELP,TOM'S GARAGE_EP 17_GARY NEEDS HELP,Toonz Media,199840000,2025-10-07T04:38:28Z,208
Media Asset,3627031,TOM'S GARAGE_EP 24_EASTER EGG OVERLOAD,TOM'S GARAGE_EP 24_EASTER EGG OVERLOAD,Toonz Media,199840000,2025-10-07T04:38:18Z,208
Media Asset,3627030,TOM'S GARAGE_EP 21_LIGHTEN UP JERRY,TOM'S GARAGE_EP 21_LIGHTEN UP JERRY,Toonz Media,228920000,2025-10-07T04:38:18Z,208
Media Asset,3627029,TOM'S GARAGE_EP 18_MUCKY MATILDA,TOM'S GARAGE_EP 18_MUCKY MATILDA,Toonz Media,199040000,2025-10-07T04:38:00Z,208
Media Asset,3627028,TOM'S GARAGE_EP 23_HOSE CONTROL,TOM'S GARAGE_EP 23_HOSE CONTROL,Toonz Media,199320000,2025-10-07T04:37:40Z,208
Media Asset,3627027,TOM'S GARAGE_EP 22_LEAPING LILY,TOM'S GARAGE_EP 22_LEAPING LILY,Toonz Media,229920000,2025-10-07T04:37:40Z,208
Media Asset,3627026,TOM'S GARAGE_EP 15_EDNA'S BUCKET,TOM'S GARAGE_EP 15_EDNA'S BUCKET,Toonz Media,199560000,2025-10-07T04:35:36Z,208
Media Asset,3627025,TOM'S GARAGE_EP 11_DANE'S CRANE,TOM'S GARAGE_EP 11_DANE'S CRANE,Toonz Media,199800000,2025-10-07T04:35:36Z,208
Media Asset,3627024,TOM'S GARAGE_EP 10_RACING FRIENDS,TOM'S GARAGE_EP 10_RACING FRIENDS,Toonz Media,199240000,2025-10-07T04:35:36Z,208
Media Asset,3627023,TOM'S GARAGE_EP 12_CLEAN ICE,TOM'S GARAGE_EP 12_CLEAN ICE,Toonz Media,199520000,2025-10-07T04:35:36Z,208
Media Asset,3627022,TOM'S GARAGE_EP 19_POLICE PROTECTION,TOM'S GARAGE_EP 19_POLICE PROTECTION,Toonz Media,199440000,2025-10-07T04:35:36Z,208
Media Asset,3627021,TOM'S GARAGE_EP 16_BABY TIGER'S APPLES,TOM'S GARAGE_EP 16_BABY TIGER'S APPLES,Toonz Media,199440000,2025-10-07T04:35:36Z,208
Media Asset,3627020,TOM'S GARAGE_EP 14_SKIDDING TO SCHOOL,TOM'S GARAGE_EP 14_SKIDDING TO SCHOOL,Toonz Media,199520000,2025-10-07T04:35:36Z,208
Media Asset,3627019,TOM'S GARAGE_EP 13_CEMENT MIX-UP,TOM'S GARAGE_EP 13_CEMENT MIX-UP,Toonz Media,198880000,2025-10-07T04:35:36Z,208
Media Asset,3627018,TOM'S GARAGE_EP 07_LIGHTENING BEN'S LOAD,TOM'S GARAGE_EP 07_LIGHTENING BEN'S LOAD,Toonz Media,199720000,2025-10-07T04:34:36Z,208
Media Asset,3627017,TOM'S GARAGE_EP 02_FRANK'S NEW ENGINE,TOM'S GARAGE_EP 02_FRANK'S NEW ENGINE,Toonz Media,187480000,2025-10-07T04:34:36Z,208
Media Asset,3627016,TOM'S GARAGE_EP 03_EDNA'S BUBBLY WASH,TOM'S GARAGE_EP 03_EDNA'S BUBBLY WASH,Toonz Media,199560000,2025-10-07T04:34:36Z,208
Media Asset,3627015,TOM'S GARAGE_EP 08_MESSY BILLY,TOM'S GARAGE_EP 08_MESSY BILLY,Toonz Media,199560000,2025-10-07T04:34:36Z,208
Media Asset,3627014,TOM'S GARAGE_EP 01_MATILDA'S NEW LOOK,TOM'S GARAGE_EP 01_MATILDA'S NEW LOOK,Toonz Media,199080000,2025-10-07T04:34:36Z,208
Media Asset,3627013,TOM'S GARAGE_EP 04_MONSTER TYRES,TOM'S GARAGE_EP 04_MONSTER TYRES,Toonz Media,199640000,2025-10-07T04:34:36Z,208
Media Asset,3627012,TOM'S GARAGE_EP 09_THE ROAD RULES,TOM'S GARAGE_EP 09_THE ROAD RULES,Toonz Media,199480000,2025-10-07T04:34:36Z,208
Media Asset,3627011,TOM'S GARAGE_EP 06_FRESHNESS FOR GARY,TOM'S GARAGE_EP 06_FRESHNESS FOR GARY,Toonz Media,198920000,2025-10-07T04:34:35Z,208
Media Asset,3626569,TOM'S GARAGE_EP 83_VACCUM POWER,TOM'S GARAGE_EP 83_VACCUM POWER,Toonz Media,226960000,2025-10-07T04:50:25Z,208
Media Asset,3626568,TOM'S GARAGE_EP 75_THE SLIME SHIELD,TOM'S GARAGE_EP 75_THE SLIME SHIELD,Toonz Media,227240000,2025-10-07T04:50:25Z,208
Media Asset,3626567,TOM'S GARAGE_EP 69_AMBER'S TRAPPED,TOM'S GARAGE_EP 69_AMBER'S TRAPPED,Toonz Media,227680000,2025-10-07T04:49:46Z,208
Media Asset,3626566,TOM'S GARAGE_EP 66_AMBER'S AIRBAG,TOM'S GARAGE_EP 66_AMBER'S AIRBAG,Toonz Media,227440000,2025-10-07T04:49:44Z,208
Media Asset,3626565,TOM'S GARAGE_EP 71_KROKOMILE'S CATCH,TOM'S GARAGE_EP 71_KROKOMILE'S CATCH,Toonz Media,229080000,2025-10-07T04:49:44Z,208
Media Asset,3626564,TOM'S GARAGE_EP 64_MATILDA GETS STUCK,TOM'S GARAGE_EP 64_MATILDA GETS STUCK,Toonz Media,226960000,2025-10-07T04:49:15Z,208
Media Asset,3626563,TOM'S GARAGE_EP 58_SUPER HELICOPTER GETS NEW BLADES,TOM'S GARAGE_EP 58_SUPER HELICOPTER GETS NEW BLADES,Toonz Media,226960000,2025-10-07T04:48:55Z,208
Media Asset,3626562,TOM'S GARAGE_EP 65_STAY COOL IN THE HEAT,TOM'S GARAGE_EP 65_STAY COOL IN THE HEAT,Toonz Media,227400000,2025-10-07T04:48:44Z,208
Media Asset,3626561,TOM'S GARAGE_EP 57_GET THAT BALL,TOM'S GARAGE_EP 57_GET THAT BALL,Toonz Media,228040000,2025-10-07T04:48:24Z,208
Media Asset,3626560,TOM'S GARAGE_EP 62_STICKY OIL,TOM'S GARAGE_EP 62_STICKY OIL,Toonz Media,226960000,2025-10-07T04:48:14Z,208
Media Asset,3626559,TOM'S GARAGE_EP 67_ROBOT TROUBLE,TOM'S GARAGE_EP 67_ROBOT TROUBLE,Toonz Media,228320000,2025-10-07T04:47:44Z,208
Media Asset,3626558,TOM'S GARAGE_EP 59_MAGNETIC MAYHEM,TOM'S GARAGE_EP 59_MAGNETIC MAYHEM,Toonz Media,226960000,2025-10-07T04:47:34Z,208
Media Asset,3626557,TOM'S GARAGE_EP 68_MORE HELI POWER,TOM'S GARAGE_EP 68_MORE HELI POWER,Toonz Media,228480000,2025-10-07T04:47:24Z,208
Media Asset,3626556,TOM'S GARAGE_EP 63_BOULDER TROUBLE,TOM'S GARAGE_EP 63_BOULDER TROUBLE,Toonz Media,226960000,2025-10-07T04:47:04Z,208
Media Asset,3626555,TOM'S GARAGE_EP 70_DRILL FIX,TOM'S GARAGE_EP 70_DRILL FIX,Toonz Media,228480000,2025-10-07T04:47:04Z,208
Media Asset,3626554,TOM'S GARAGE_EP 61_TOM'S MEDICINE,TOM'S GARAGE_EP 61_TOM'S MEDICINE,Toonz Media,226960000,2025-10-07T04:46:53Z,208
Media Asset,3626553,TOM'S GARAGE_EP 55_REST A WHILE KROKOMILE,TOM'S GARAGE_EP 55_REST A WHILE KROKOMILE,Toonz Media,226320000,2025-10-07T04:46:44Z,208
Media Asset,3626552,TOM'S GARAGE_EP 60_LILY'S SMOOTH RIDE,TOM'S GARAGE_EP 60_LILY'S SMOOTH RIDE,Toonz Media,226960000,2025-10-07T04:46:44Z,208
Media Asset,3626551,TOM'S GARAGE_EP 54_FACEMASKS ARE FUN,TOM'S GARAGE_EP 54_FACEMASKS ARE FUN,Toonz Media,226960000,2025-10-07T04:46:32Z,208
Media Asset,3626550,TOM'S GARAGE_EP 52_GIANT ANIMALS IN TOWN,TOM'S GARAGE_EP 52_GIANT ANIMALS IN TOWN,Toonz Media,231440000,2025-10-07T04:46:03Z,208
Media Asset,3626549,TOM'S GARAGE_EP 49_FAIR RACING,TOM'S GARAGE_EP 49_FAIR RACING,Toonz Media,231680000,2025-10-07T04:45:33Z,208
Media Asset,3626548,TOM'S GARAGE_EP 53_GOTCHA THIS TIME,TOM'S GARAGE_EP 53_GOTCHA THIS TIME,Toonz Media,227000000,2025-10-07T04:45:33Z,208
Media Asset,3626547,TOM'S GARAGE_EP 42_THE IMPORTANCE OF STAYING FOCUSSED,TOM'S GARAGE_EP 42_THE IMPORTANCE OF STAYING FOCUSSED,Toonz Media,231240000,2025-10-07T04:45:13Z,208
Media Asset,3626546,TOM'S GARAGE_EP 44_SAFETY FIRST,TOM'S GARAGE_EP 44_SAFETY FIRST,Toonz Media,231120000,2025-10-07T04:45:13Z,208
Media Asset,3626545,TOM'S GARAGE_EP 48_LILY IN THE MUD,TOM'S GARAGE_EP 48_LILY IN THE MUD,Toonz Media,229960000,2025-10-07T04:44:53Z,208
Media Asset,3626544,TOM'S GARAGE_EP 45_FREEZE RAY AWAY,TOM'S GARAGE_EP 45_FREEZE RAY AWAY,Toonz Media,229520000,2025-10-07T04:44:42Z,208
Media Asset,3626543,TOM'S GARAGE_EP 47_DINER DISASTER,TOM'S GARAGE_EP 47_DINER DISASTER,Toonz Media,229480000,2025-10-07T04:44:42Z,208
Media Asset,3626542,TOM'S GARAGE_EP 50_MARLEY HULK,TOM'S GARAGE_EP 50_MARLEY HULK,Toonz Media,230560000,2025-10-07T04:44:02Z,208
Media Asset,3626541,TOM'S GARAGE_EP 46_TROY'S NEW RADAR,TOM'S GARAGE_EP 46_TROY'S NEW RADAR,Toonz Media,230440000,2025-10-07T04:43:32Z,208
Media Asset,3626540,TOM'S GARAGE_EP 40_ROBO CONFUSION,TOM'S GARAGE_EP 40_ROBO CONFUSION,Toonz Media,229880000,2025-10-07T04:43:12Z,208
Media Asset,3626539,TOM'S GARAGE_EP 43_LEARNING YOUR LIMITS,TOM'S GARAGE_EP 43_LEARNING YOUR LIMITS,Toonz Media,229520000,2025-10-07T04:43:02Z,208
Media Asset,3626538,TOM'S GARAGE_EP 51_FREEZE THAT THOUGHT,TOM'S GARAGE_EP 51_FREEZE THAT THOUGHT,Toonz Media,227080000,2025-10-07T04:42:52Z,208
Media Asset,3626537,TOM'S GARAGE_EP 41_TOM SAVES THE SLEIGH,TOM'S GARAGE_EP 41_TOM SAVES THE SLEIGH,Toonz Media,229400000,2025-10-07T04:42:52Z,208
Media Asset,3626536,TOM'S GARAGE_EP 33_DINO TROUBLE,TOM'S GARAGE_EP 33_DINO TROUBLE,Toonz Media,229760000,2025-10-07T04:42:31Z,208
Media Asset,3626535,TOM'S GARAGE_EP 29_STUBBORN IS NOT STRONG,TOM'S GARAGE_EP 29_STUBBORN IS NOT STRONG,Toonz Media,199200000,2025-10-07T04:42:12Z,208
Media Asset,3626534,TOM'S GARAGE_EP 31_HALLOWEEN CHASE,TOM'S GARAGE_EP 31_HALLOWEEN CHASE,Toonz Media,229200000,2025-10-07T04:42:12Z,208
Media Asset,3626533,TOM'S GARAGE_EP 30_DRILL SAFE,TOM'S GARAGE_EP 30_DRILL SAFE,Toonz Media,229240000,2025-10-07T04:42:12Z,208
Media Asset,3626532,TOM'S GARAGE_EP 37_THANKSGIVING TYRES,TOM'S GARAGE_EP 37_THANKSGIVING TYRES,Toonz Media,229600000,2025-10-07T04:42:01Z,208
Media Asset,3626531,TOM'S GARAGE_EP 38_MARLEY'S MEDICINE,TOM'S GARAGE_EP 38_MARLEY'S MEDICINE,Toonz Media,229440000,2025-10-07T04:41:51Z,208
Media Asset,3626530,TOM'S GARAGE_EP 27_CALM IN A CRISIS,TOM'S GARAGE_EP 27_CALM IN A CRISIS,Toonz Media,199200000,2025-10-07T04:41:11Z,208
Media Asset,3626529,TOM'S GARAGE_EP 36_BE CAREFUL LILY,TOM'S GARAGE_EP 36_BE CAREFUL LILY,Toonz Media,229480000,2025-10-07T04:40:22Z,208
Media Asset,3626528,TOM'S GARAGE_EP 39_SUPERHERO PROTECTION,TOM'S GARAGE_EP 39_SUPERHERO PROTECTION,Toonz Media,229640000,2025-10-07T04:40:22Z,208
Media Asset,3626527,TOM'S GARAGE_EP 26_COOL DOWN CARRIE,TOM'S GARAGE_EP 26_COOL DOWN CARRIE,Toonz Media,229760000,2025-10-07T04:40:01Z,208
Media Asset,3626526,TOM'S GARAGE_EP 34_CLEAN THAT HELICOPTER,TOM'S GARAGE_EP 34_CLEAN THAT HELICOPTER,Toonz Media,229520000,2025-10-07T04:40:01Z,208
Media Asset,3626525,TOM'S GARAGE_EP 72_SPIDEY SIZE,TOM'S GARAGE_EP 72_SPIDEY SIZE,Toonz Media,227000000,2025-10-07T04:39:54Z,208
Media Asset,3626524,TOM'S GARAGE_EP 32_HALLOWEEN HYPNOSIS,TOM'S GARAGE_EP 32_HALLOWEEN HYPNOSIS,Toonz Media,230040000,2025-10-07T04:39:41Z,208
Media Asset,3626523,TOM'S GARAGE_EP 35_THE GUMMY BEAR MEDICINE MAKER,TOM'S GARAGE_EP 35_THE GUMMY BEAR MEDICINE MAKER,Toonz Media,229480000,2025-10-07T04:39:31Z,208
Media Asset,3626522,TOM'S GARAGE_EP 28_SMOOTHLY DOES IT,TOM'S GARAGE_EP 28_SMOOTHLY DOES IT,Toonz Media,229720000,2025-10-07T04:39:31Z,208
Media Asset,3626521,TOM'S GARAGE_EP 25_MARLEY'S MONSTER JUMP,TOM'S GARAGE_EP 25_MARLEY'S MONSTER JUMP,Toonz Media,199040000,2025-10-07T04:39:00Z,208
Media Asset,3623172,TOM'S GARAGE_EP 05_AMBER'S EMERGENCY,TOM'S GARAGE_EP 05_AMBER'S EMERGENCY,Toonz Media,199360000,2025-10-07T04:34:35Z,208
Media Asset,3623171,Zindagi,Zindagi,Zindagi Live,11114000,2025-10-06T13:15:02Z,208
Media Asset,3623162,Shakthi E154,Shakthi E154,DD Podhigai (Chennai),1445160000,2025-10-06T10:37:14Z,208
Media Asset,3623160,Shakthi E153,Shakthi E153,DD Podhigai (Chennai),1412160000,2025-10-06T10:31:19Z,208
Media Asset,3623159,Shakthi E152,Shakthi E152,DD Podhigai (Chennai),1447960000,2025-10-06T10:25:26Z,208
Media Asset,3623157,Shakthi E151,Shakthi E151,DD Podhigai (Chennai),1434320000,2025-10-06T10:19:54Z,208
Media Asset,3623143,Mahila Svavlamban Ek Kadam Vikas Ki Aur Ep-23(Aakriti Gupta),Mahila Svavlamban Ek Kadam Vikas Ki Aur Ep-23(Aakriti Gupta),DD Kisan,1458320000,2025-10-06T09:22:41Z,208
Media Asset,3623142,Mahila Svavlamban Ek Kadam Vikas Ki Aur Ep-22(Neelam Arya),Mahila Svavlamban Ek Kadam Vikas Ki Aur Ep-22(Neelam Arya),DD Kisan,1451360000,2025-10-06T09:21:43Z,208
Media Asset,3623141,Mahila Svavlamban Ek Kadam Vikas Ki Aur Ep-21(Sunita bhasin),Mahila Svavlamban Ek Kadam Vikas Ki Aur Ep-21(Sunita bhasin),DD Kisan,1435360000,2025-10-06T09:19:04Z,208
Media Asset,3623139,Mahila Svavlamban Ek Kadam Vikas Ki Aur Ep-26,Mahila Svavlamban Ek Kadam Vikas Ki Aur Ep-26,DD Kisan,1440680000,2025-10-06T09:03:17Z,208
Media Asset,3623138,Mahila Svavlamban Ek Kadam Vikas Ki Aur Ep-25,Mahila Svavlamban Ek Kadam Vikas Ki Aur Ep-25,DD Kisan,1429640000,2025-10-06T09:02:25Z,208
Media Asset,3623137,Mahila Svavlamban Ek Kadam Vikas Ki Aur Ep-24,Mahila Svavlamban Ek Kadam Vikas Ki Aur Ep-24,DD Kisan,1452360000,2025-10-06T09:00:59Z,208
Media Asset,3623098,Inheritance_LGP LOGO_EN_WITH WARNING_Teaser,Inheritance_LGP LOGO_EN_WITH WARNING_Teaser,Lions Gate,108920000,2025-10-03T13:08:51Z,208
Media Asset,3623086,Inheritance_LGP LOGO__EN,Inheritance_LGP LOGO__EN,Lions Gate,108920000,2025-10-03T10:57:08Z,208
Media Asset,3622766,Shakthi E155,Shakthi E155,DD Podhigai (Chennai),1430200000,2025-10-06T10:43:28Z,208
Media Asset,3622762,HEJJARU_TRAILER_REVISION_03_MP4,HEJJARU_TRAILER_REVISION_03_MP4,Gagana Enterprises,139000000,2025-10-06T09:59:13Z,208
Media Asset,3622723,TGICS EP 08 MIX MASTER WAVES_V02,TGICS EP 08 MIX MASTER WAVES_V02,DD Sport,2482000000,2025-10-06T05:21:03Z,208
Media Asset,3622722,TGICS EP 07 MIX MASTER WAVES_V02,TGICS EP 07 MIX MASTER WAVES_V02,DD Sport,2632000000,2025-10-06T05:20:03Z,208
Media Asset,3622710,0510 DECODE SOCIAL FULL WAVES,0510 DECODE SOCIAL FULL WAVES,Decode,3323640000,2025-10-06T04:28:48Z,208
Media Asset,3622709,0410 SATURDAY SOCIAL MEDIA,0410 SATURDAY SOCIAL MEDIA,Decode,3132360000,2025-10-06T04:27:47Z,208
Media Asset,3622708,0310 DECODE SOCIAL FULL WAVES,0310 DECODE SOCIAL FULL WAVES,Decode,3390000000,2025-10-06T04:26:48Z,208
Media Asset,3622689,KBR_EP_83_S2_MIX_MASTER OTT,KBR_EP_83_S2_MIX_MASTER OTT,Sagar World,1527280000,2025-10-03T10:19:57Z,208
Media Asset,3622688,KBR_EP_84_S2_MIX_MASTER OTT,KBR_EP_84_S2_MIX_MASTER OTT,Sagar World,1537000000,2025-10-03T10:18:58Z,208
Media Asset,3622687,KBR_EP_85_S2_MIX_MASTER OTT,KBR_EP_85_S2_MIX_MASTER OTT,Sagar World,1487000000,2025-10-03T10:18:58Z,208
Media Asset,3620596,0210 DECODE SOCIAL FULL WAVES,0210 DECODE SOCIAL FULL WAVES,Decode,3135800000,2025-10-03T05:31:18Z,208
Media Asset,3620595,0110 DECODE SOCIAL FULL WAVES NEW,0110 DECODE SOCIAL FULL WAVES NEW,Decode,3327480000,2025-10-03T05:29:17Z,208
Media Asset,3618087,KoshishSeKamyabiTak_RajkummarRao,KoshishSeKamyabiTak_RajkummarRao,DD Mumbai,2748680000,2025-10-01T10:22:04Z,208
Media Asset,3618082,Dharti Kare Pukar_S0_E0,Dharti Kare Pukar_S0_E0,PB-Archives-A,11114000,2025-10-01T10:04:40Z,208
Media Asset,3618063,Dharti Kare Pukar - Episode-13,Dharti Kare Pukar - Episode-13,PB-Archives-A,1448200000,2025-10-01T09:25:21Z,208
Media Asset,3618061,Dharti Kare Pukar - Episode-19,Dharti Kare Pukar - Episode-19,PB-Archives-A,1376480000,2025-10-01T08:59:10Z,208
Media Asset,3618059,Dharti Kare Pukar - Episode-09,Dharti Kare Pukar - Episode-09,PB-Archives-A,1374720000,2025-10-01T08:55:57Z,208
Media Asset,3618041,Dharti Kare Pukar - Episode-17,Dharti Kare Pukar - Episode-17,PB-Archives-A,1290640000,2025-10-01T08:25:26Z,208
Media Asset,3618040,Dharti Kare Pukar - Episode-11,Dharti Kare Pukar - Episode-11,PB-Archives-A,1486600000,2025-10-01T08:24:21Z,208
Media Asset,3618039,KoshishSeKamyabiTak_TussharKapoor,KoshishSeKamyabiTak_TussharKapoor,DD Mumbai,2786760000,2025-10-01T08:21:32Z,208
Media Asset,3618036,Dharti Kare Pukar - Episode-12,Dharti Kare Pukar - Episode-12,PB-Archives-A,1531160000,2025-10-01T08:10:13Z,208
Media Asset,3618034,Dharti Kare Pukar - Episode-08,Dharti Kare Pukar - Episode-08,PB-Archives-A,1334720000,2025-10-01T07:15:45Z,208
Media Asset,3618033,Dharti Kare Pukar - Episode-07,Dharti Kare Pukar - Episode-07,PB-Archives-A,1387040000,2025-10-01T07:14:39Z,208
Media Asset,3618030,Dharti Kare Pukar - Episode-06,Dharti Kare Pukar - Episode-06,PB-Archives-A,1340160000,2025-10-01T07:10:17Z,208
Media Asset,3618028,Dharti Kare Pukar - Episode-04,Dharti Kare Pukar - Episode-04,PB-Archives-A,1333960000,2025-10-01T07:09:13Z,208
Media Asset,3618024,Dharti Kare Pukar - Episode-03,Dharti Kare Pukar - Episode-03,PB-Archives-A,1473160000,2025-10-01T07:02:39Z,208
Media Asset,3618023,Dharti Kare Pukar - Episode-02,Dharti Kare Pukar - Episode-02,PB-Archives-A,1402600000,2025-10-01T07:01:33Z,208
Media Asset,3616387,SUPER TRUCK_S5_EP 36_TAKING SICK LEAVE,SUPER TRUCK_S5_EP 36_TAKING SICK LEAVE,Toonz Media,260600000,2025-10-01T06:30:32Z,208
Media Asset,3616070,Dharti Kare Pukar - Episode-10,Dharti Kare Pukar - Episode-10,PB-Archives-A,1321080000,2025-10-01T09:20:59Z,208
Media Asset,3616069,Dharti Kare Pukar - Episode-18,Dharti Kare Pukar - Episode-18,PB-Archives-A,1443040000,2025-10-01T09:19:55Z,208
Media Asset,3616067,Dharti Kare Pukar - Episode-16,Dharti Kare Pukar - Episode-16,PB-Archives-A,1472120000,2025-10-01T09:17:43Z,208
Media Asset,3616065,Dharti Kare Pukar - Episode-25,Dharti Kare Pukar - Episode-25,PB-Archives-A,1361880000,2025-10-01T09:14:26Z,208
Media Asset,3616064,Dharti Kare Pukar - Episode-24,Dharti Kare Pukar - Episode-24,PB-Archives-A,1415920000,2025-10-01T09:11:10Z,208
Media Asset,3616063,Dharti Kare Pukar - Episode-23,Dharti Kare Pukar - Episode-23,PB-Archives-A,1242640000,2025-10-01T09:08:59Z,208
Media Asset,3616062,Dharti Kare Pukar - Episode-22,Dharti Kare Pukar - Episode-22,PB-Archives-A,1445160000,2025-10-01T09:06:49Z,208
Media Asset,3616061,Dharti Kare Pukar - Episode-21,Dharti Kare Pukar - Episode-21,PB-Archives-A,1232120000,2025-10-01T09:04:39Z,208
Media Asset,3616060,Dharti Kare Pukar - Episode-20,Dharti Kare Pukar - Episode-20,PB-Archives-A,1455200000,2025-10-01T09:03:34Z,208
Media Asset,3616059,Dharti Kare Pukar - Episode-15,Dharti Kare Pukar - Episode-15,PB-Archives-A,1229040000,2025-10-01T07:52:47Z,208
Media Asset,3616058,Dharti Kare Pukar - Episode-14,Dharti Kare Pukar - Episode-14,PB-Archives-A,1370760000,2025-10-01T07:44:03Z,208
Media Asset,3616050,Dharti Kare Pukar - Episode-26,Dharti Kare Pukar - Episode-26,PB-Archives-A,1352840000,2025-10-01T07:27:44Z,208
Media Asset,3616049,KoshishSeKamyabiTak_ParineetiChopra,KoshishSeKamyabiTak_ParineetiChopra,DD Mumbai,2707160000,2025-10-01T07:27:41Z,208
Media Asset,3616044,Dharti Kare Pukar - Episode-01,Dharti Kare Pukar - Episode-01,PB-Archives-A,1398080000,2025-10-01T06:59:24Z,208
Media Asset,3616043,Dharti Kare Pukar - Episode-05,Dharti Kare Pukar - Episode-05,PB-Archives-A,1382360000,2025-10-01T06:58:19Z,208
Media Asset,3614526,KoshishSeKamyabiTak_KailashKher,KoshishSeKamyabiTak_KailashKher,DD Mumbai,3207160000,2025-10-01T06:07:35Z,208
Media Asset,3614513,3009 DECODE SOCIAL FULL WAVES,3009 DECODE SOCIAL FULL WAVES,Decode,3113680000,2025-10-01T05:07:12Z,208
Media Asset,3614512,Rag Rag Mein Ganga_Season1meta,Rag Rag Mein Ganga_Season1meta,PB-Archives-A,11114000,2025-10-01T05:05:52Z,208
Media Asset,3614511,Rag Rag Mein Ganga_Season2meta,Rag Rag Mein Ganga_Season2meta,PB-Archives-A,11114000,2025-10-01T05:05:52Z,208
Media Asset,3614504,Rag Rag Mein Ganga_Showmeta,Rag Rag Mein Ganga_Showmeta,PB-Archives-A,11114000,2025-10-01T04:36:29Z,208
